{
  "contract": "dataset/access_control/wallet_02_refund_nosub.sol",
  "tool": "osiris",
  "start": 1654180874.6980486,
  "end": 1654180878.5146427,
  "duration": 3.816594123840332,
  "exit_code": 0
}