{
  "contract": "dataset/reentrancy/0x4320e6f8c05b27ab4707cd1f6d5ce6f3e4b3a5a1.sol",
  "tool": "ccc",
  "start": 1664450634.158615,
  "end": 1664450804.971603,
  "duration": 170.81298780441284,
  "exit_code": 0
}