{
  "contract": "dataset/reentrancy/0xcead721ef5b11f1a7b530171aab69b16c5e66b6e.sol",
  "tool": "slither",
  "start": 1653999783.377591,
  "end": 1653999789.46768,
  "duration": 6.0900890827178955,
  "exit_code": 20
}