{
  "contract": "dataset/reentrancy/0x7541b76cb60f4c60af330c208b0623b7f54bf615.sol",
  "tool": "ccc",
  "start": 1664454303.160682,
  "end": 1664454927.904507,
  "duration": 624.7438249588013,
  "exit_code": 0
}