{
  "contract": "dataset/unchecked_low_level_calls/0x0cbe050f75bc8f8c2d6c0d249fea125fd6e1acc9.sol",
  "tool": "osiris",
  "start": 1654181189.481947,
  "end": 1654181192.3919373,
  "duration": 2.9099903106689453,
  "exit_code": 0
}