{
  "contract": "dataset/unchecked_low_level_calls/0xb7c5c5aa4d42967efe906e1b66cb8df9cebf04f7.sol",
  "tool": "honeybadger",
  "start": 1654123404.0774684,
  "end": 1654123409.319412,
  "duration": 5.241943597793579,
  "exit_code": 0
}