{
  "contract": "dataset/reentrancy/reentrancy_cross_function.sol",
  "tool": "honeybadger",
  "start": 1654003682.4921224,
  "end": 1654003692.0820796,
  "duration": 9.589957237243652,
  "exit_code": 0
}