{
  "analysis": [],
  "contract": "dataset/reentrancy/0xf015c35649c82f5467c9c74b7f28ee67665aad68.sol",
  "duration": 4.791096448898315,
  "end": 1654082646.134766,
  "exit_code": 0,
  "start": 1654082641.3436697,
  "tool": "solhint"
}