{
  "contract": "dataset/unchecked_low_level_calls/0x07f7ecb66d788ab01dc93b9b71a88401de7d0f2e.sol",
  "tool": "oyente",
  "start": 1654181869.7646255,
  "end": 1654181880.59309,
  "duration": 10.82846450805664,
  "exit_code": 1
}