{
  "contract": "dataset/unchecked_low_level_calls/0x89c1b3807d4c67df034fffb62f3509561218d30b.sol",
  "tool": "osiris",
  "start": 1654181189.500264,
  "end": 1654181247.2608702,
  "duration": 57.76060628890991,
  "exit_code": 0
}