{
  "analysis": {
    "is_lock_vulnerable": false,
    "is_prodigal_vulnerable": false,
    "is_suicidal_vulnerable": false
  },
  "contract": "dataset/unchecked_low_level_calls/0x2972d548497286d18e92b5fa1f8f9139e5653fd2.sol",
  "duration": 110.29293060302734,
  "end": 1654163698.9300957,
  "exit_code": 0,
  "start": 1654163588.637165,
  "tool": "maian"
}