{
  "contract": "dataset/unchecked_low_level_calls/0x2972d548497286d18e92b5fa1f8f9139e5653fd2.sol",
  "tool": "maian",
  "start": 1654163588.637165,
  "end": 1654163698.9300957,
  "duration": 110.29293060302734,
  "exit_code": 0
}