{
  "contract": "dataset/unchecked_low_level_calls/0x3a0e9acd953ffc0dd18d63603488846a6b8b2b01.sol",
  "tool": "osiris",
  "start": 1654181189.52812,
  "end": 1654181200.3337572,
  "duration": 10.805637121200562,
  "exit_code": 0
}