{
  "contract": "dataset/unchecked_low_level_calls/0x4b71ad9c1a84b9b643aa54fdd66e2dec96e8b152.sol",
  "tool": "oyente",
  "start": 1654181869.826116,
  "end": 1654181880.8425999,
  "duration": 11.016483783721924,
  "exit_code": 1
}