{
  "contract": "dataset/unchecked_low_level_calls/mishandled.sol",
  "tool": "osiris",
  "start": 1654181189.6279168,
  "end": 1654181200.4108922,
  "duration": 10.782975435256958,
  "exit_code": 0
}