{
  "contract": "dataset/access_control/parity_wallet_bug_2.sol",
  "tool": "solhint",
  "start": 1654186576.7450862,
  "end": 1654186580.911814,
  "duration": 4.166727781295776,
  "exit_code": 1
}