{
  "contract": "dataset/unchecked_low_level_calls/0xb7c5c5aa4d42967efe906e1b66cb8df9cebf04f7.sol",
  "tool": "slither",
  "start": 1654186435.613328,
  "end": 1654186446.1824186,
  "duration": 10.569090604782104,
  "exit_code": 6
}