{
  "contract": "dataset/unchecked_low_level_calls/king_of_the_ether_throne.sol",
  "tool": "honeybadger",
  "start": 1654123404.0992334,
  "end": 1654123681.733842,
  "duration": 277.6346085071564,
  "exit_code": 0
}