{
  "contract": "dataset/unchecked_low_level_calls/0x70f9eddb3931491aab1aeafbc1e7f1ca2a012db4.sol",
  "tool": "oyente",
  "start": 1654181869.7755861,
  "end": 1654181877.876995,
  "duration": 8.101408958435059,
  "exit_code": 1
}