{
  "contract": "dataset/unchecked_low_level_calls/0xe09b1ab8111c2729a76f16de96bc86a7af837928.sol",
  "tool": "smartcheck",
  "start": 1654186542.90498,
  "end": 1654186564.5651286,
  "duration": 21.66014862060547,
  "exit_code": 0
}