{
  "contract": "dataset/unchecked_low_level_calls/0xf2570186500a46986f3139f65afedc2afe4f445d.sol",
  "tool": "securify",
  "start": 1654245072.4080474,
  "end": 1654245455.8053174,
  "duration": 383.39726996421814,
  "exit_code": 0
}