{
  "analysis": {
    "is_lock_vulnerable": false,
    "is_prodigal_vulnerable": false,
    "is_suicidal_vulnerable": false
  },
  "contract": "dataset/unchecked_low_level_calls/0xf2570186500a46986f3139f65afedc2afe4f445d.sol",
  "duration": 104.32087540626526,
  "end": 1654163693.0896196,
  "exit_code": 0,
  "start": 1654163588.7687442,
  "tool": "maian"
}