{
  "contract": "dataset/unchecked_low_level_calls/0xf2570186500a46986f3139f65afedc2afe4f445d.sol",
  "tool": "maian",
  "start": 1654163588.7687442,
  "end": 1654163693.0896196,
  "duration": 104.32087540626526,
  "exit_code": 0
}