{
  "contract": "dataset/unchecked_low_level_calls/0xf29ebe930a539a60279ace72c707cba851a57707.sol",
  "tool": "honeybadger",
  "start": 1654123404.1115158,
  "end": 1654123415.8375857,
  "duration": 11.726069927215576,
  "exit_code": 0
}