{
  "contract": "dataset/arithmetic/integer_overflow_minimal.sol",
  "tool": "solhint",
  "start": 1654186586.3706517,
  "end": 1654186588.9281347,
  "duration": 2.557482957839966,
  "exit_code": 1
}