{
  "contract": "dataset/arithmetic/tokensalechallenge.sol",
  "tool": "mythril",
  "start": 1654177615.567072,
  "end": 1654177629.9489534,
  "duration": 14.381881475448608,
  "exit_code": 0
}