{
  "contract": "dataset/reentrancy/0x627fa62ccbb1c1b04ffaecd72a53e37fc0e17839.sol",
  "tool": "honeybadger",
  "start": 1654003682.7233257,
  "end": 1654003692.947103,
  "duration": 10.223777294158936,
  "exit_code": 0
}