{
  "contract": "dataset/unchecked_low_level_calls/0x07f7ecb66d788ab01dc93b9b71a88401de7d0f2e.sol",
  "tool": "solhint",
  "start": 1654186621.8704865,
  "end": 1654186626.1285675,
  "duration": 4.258080959320068,
  "exit_code": 1
}