{
  "contract": "dataset/access_control/parity_wallet_bug_1.sol",
  "tool": "conkas",
  "start": 1654105988.710625,
  "end": 1654105995.322753,
  "duration": 6.612128019332886,
  "exit_code": 1
}