{
  "contract": "dataset/access_control/incorrect_constructor_name3.sol",
  "tool": "mythril",
  "start": 1654177339.5743608,
  "end": 1654177343.2342942,
  "duration": 3.65993332862854,
  "exit_code": 0
}