{
  "contract": "dataset/unchecked_low_level_calls/0x806a6bd219f162442d992bdc4ee6eba1f2c5a707.sol",
  "tool": "honeybadger",
  "start": 1654123404.07917,
  "end": 1654123470.6128237,
  "duration": 66.5336537361145,
  "exit_code": 0
}