{
  "contract": "dataset/unchecked_low_level_calls/0xb37f18af15bafb869a065b61fc83cfc44ed9cc27.sol",
  "tool": "oyente",
  "start": 1654181869.7849615,
  "end": 1654181876.1295524,
  "duration": 6.344590902328491,
  "exit_code": 1
}