{
  "contract": "dataset/access_control/FibonacciBalance.sol",
  "tool": "mythril",
  "start": 1654177339.620914,
  "end": 1654177353.701272,
  "duration": 14.080358028411865,
  "exit_code": 0
}