{
  "contract": "dataset/unchecked_low_level_calls/0x89c1b3807d4c67df034fffb62f3509561218d30b.sol",
  "tool": "mythril",
  "start": 1654179708.334409,
  "end": 1654179747.3876553,
  "duration": 39.05324625968933,
  "exit_code": 0
}