{
  "contract": "dataset/unchecked_low_level_calls/0x07f7ecb66d788ab01dc93b9b71a88401de7d0f2e.sol",
  "tool": "smartcheck",
  "start": 1654186542.8972743,
  "end": 1654186554.690896,
  "duration": 11.79362177848816,
  "exit_code": 0
}