{
  "contract": "dataset/unchecked_low_level_calls/0x84d9ec85c9c568eb332b7226a8f826d897e0a4a8.sol",
  "tool": "honeybadger",
  "start": 1654123404.1257277,
  "end": 1654123682.8568258,
  "duration": 278.7310981750488,
  "exit_code": 0
}