{
  "contract": "dataset/unchecked_low_level_calls/0x39cfd754c85023648bf003bea2dd498c5612abfa.sol",
  "tool": "osiris",
  "start": 1654181189.4549692,
  "end": 1654181197.255925,
  "duration": 7.800955772399902,
  "exit_code": 0
}