{
  "contract": "dataset/unchecked_low_level_calls/0xa46edd6a9a93feec36576ee5048146870ea2c3ae.sol",
  "tool": "slither",
  "start": 1654186435.5562904,
  "end": 1654186439.7865403,
  "duration": 4.230249881744385,
  "exit_code": 5
}