{
  "contract": "dataset/arithmetic/integer_overflow_1.sol",
  "tool": "honeybadger",
  "start": 1654122531.5313132,
  "end": 1654122535.8236368,
  "duration": 4.292323589324951,
  "exit_code": 0
}