{
  "contract": "dataset/arithmetic/integer_overflow_multitx_onefunc_feasible.sol",
  "tool": "maian",
  "start": 1654162137.9309044,
  "end": 1654162190.4278505,
  "duration": 52.49694609642029,
  "exit_code": 0
}