{
  "contract": "dataset/unchecked_low_level_calls/0xe894d54dca59cb53fe9cbc5155093605c7068220.sol",
  "tool": "osiris",
  "start": 1654181189.6258876,
  "end": 1654181249.3556716,
  "duration": 59.72978401184082,
  "exit_code": 0
}