{
  "contract": "dataset/reentrancy/reentrancy_insecure.sol",
  "tool": "honeybadger",
  "start": 1654003682.7843728,
  "end": 1654003686.2349255,
  "duration": 3.4505527019500732,
  "exit_code": 0
}