{
  "contract": "dataset/unchecked_low_level_calls/etherpot_lotto.sol",
  "tool": "honeybadger",
  "start": 1654123404.1241443,
  "end": 1654123673.7284598,
  "duration": 269.6043155193329,
  "exit_code": 0
}