{
  "contract": "dataset/unchecked_low_level_calls/0x7a4349a749e59a5736efb7826ee3496a2dfd5489.sol",
  "tool": "oyente",
  "start": 1654181869.8424037,
  "end": 1654181882.8208098,
  "duration": 12.978406190872192,
  "exit_code": 1
}