{
  "contract": "dataset/reentrancy/0x627fa62ccbb1c1b04ffaecd72a53e37fc0e17839.sol",
  "tool": "smartcheck",
  "start": 1654008603.445421,
  "end": 1654008615.6177335,
  "duration": 12.172312498092651,
  "exit_code": 0
}