{
  "contract": "dataset/unchecked_low_level_calls/0x89c1b3807d4c67df034fffb62f3509561218d30b.sol",
  "tool": "solhint",
  "start": 1654186622.299267,
  "end": 1654186637.113757,
  "duration": 14.814489841461182,
  "exit_code": 1
}