{
  "contract": "dataset/arithmetic/integer_overflow_benign_1.sol",
  "tool": "solhint",
  "start": 1654186586.4230561,
  "end": 1654186589.9516792,
  "duration": 3.528623104095459,
  "exit_code": 1
}