{
  "contract": "dataset/unchecked_low_level_calls/0x610495793564aed0f9c7fc48dc4c7c9151d34fd6.sol",
  "tool": "oyente",
  "start": 1654181869.8295496,
  "end": 1654181885.0914147,
  "duration": 15.261865139007568,
  "exit_code": 1
}