{
  "contract": "dataset/unchecked_low_level_calls/0x3f2ef511aa6e75231e4deafc7a3d2ecab3741de2.sol",
  "tool": "honeybadger",
  "start": 1654123404.067071,
  "end": 1654123469.546851,
  "duration": 65.47977995872498,
  "exit_code": 0
}