{
  "analysis": [],
  "contract": "dataset/unchecked_low_level_calls/0x2972d548497286d18e92b5fa1f8f9139e5653fd2.sol",
  "duration": 3.1617019176483154,
  "end": 1654186624.9601023,
  "exit_code": 0,
  "start": 1654186621.7984004,
  "tool": "solhint"
}