{
  "contract": "dataset/unchecked_low_level_calls/0xe82f0742a71a02b9e9ffc142fdcb6eb1ed06fb87.sol",
  "tool": "maian",
  "start": 1654163588.7903616,
  "end": 1654163695.7018173,
  "duration": 106.9114556312561,
  "exit_code": 0
}