{
  "contract": "dataset/bad_randomness/guess_the_random_number.sol",
  "tool": "smartcheck",
  "start": 1654186499.693923,
  "end": 1654186505.5079997,
  "duration": 5.814076662063599,
  "exit_code": 0
}