{
  "contract": "dataset/unchecked_low_level_calls/0x3e013fc32a54c4c5b6991ba539dcd0ec4355c859.sol",
  "tool": "oyente",
  "start": 1654181869.774592,
  "end": 1654181880.6658766,
  "duration": 10.891284704208374,
  "exit_code": 1
}