{
  "contract": "dataset/arithmetic/overflow_single_tx.sol",
  "tool": "mythril",
  "start": 1654177615.8958876,
  "end": 1654177635.8516529,
  "duration": 19.95576524734497,
  "exit_code": 0
}