{
  "contract": "dataset/reentrancy/0xbaf51e761510c1a11bf48dd87c0307ac8a8c8a4f.sol",
  "tool": "conkas",
  "start": 1654008664.634363,
  "end": 1654008762.0657818,
  "duration": 97.43141889572144,
  "exit_code": 0
}