{
  "contract": "dataset/reentrancy/0x4320e6f8c05b27ab4707cd1f6d5ce6f3e4b3a5a1.sol",
  "tool": "honeybadger",
  "start": 1654003682.7278037,
  "end": 1654003902.3894405,
  "duration": 219.66163682937622,
  "exit_code": 0
}