{
  "contract": "dataset/unchecked_low_level_calls/0xf70d589d76eebdd7c12cc5eec99f8f6fa4233b9e.sol",
  "tool": "solhint",
  "start": 1654186622.3016105,
  "end": 1654186636.9334946,
  "duration": 14.631884098052979,
  "exit_code": 1
}