{
  "contract": "dataset/reentrancy/0xaae1f51cf3339f18b6d3f3bdc75a5facd744b0b8.sol",
  "tool": "oyente",
  "start": 1654007545.3984253,
  "end": 1654007554.3769464,
  "duration": 8.97852110862732,
  "exit_code": 1
}