{
  "contract": "dataset/access_control/FibonacciBalance.sol",
  "tool": "slither",
  "start": 1654186382.0213525,
  "end": 1654186387.2215319,
  "duration": 5.2001793384552,
  "exit_code": 16
}