{
  "analysis": [
    []
  ],
  "contract": "dataset/time_manipulation/ether_lotto.sol",
  "duration": 26.648356437683105,
  "end": 1654173717.4760957,
  "exit_code": 0,
  "start": 1654173690.8277392,
  "tool": "manticore"
}