{
  "contract": "dataset/front_running/FindThisHash.sol",
  "tool": "honeybadger",
  "start": 1654123280.7619998,
  "end": 1654123357.7457364,
  "duration": 76.98373651504517,
  "exit_code": 0
}