{
  "contract": "dataset/unchecked_low_level_calls/0xbebbfe5b549f5db6e6c78ca97cac19d1fb03082c.sol",
  "tool": "slither",
  "start": 1654186435.758334,
  "end": 1654186447.6297772,
  "duration": 11.871443271636963,
  "exit_code": 12
}