{
  "contract": "dataset/reentrancy/0x93c32845fae42c83a70e5f06214c8433665c2ab5.sol",
  "tool": "honeybadger",
  "start": 1654003682.672469,
  "end": 1654003894.961821,
  "duration": 212.2893521785736,
  "exit_code": 0
}