{
  "contract": "dataset/reentrancy/0xb93430ce38ac4a6bb47fb1fc085ea669353fd89e.sol",
  "tool": "honeybadger",
  "start": 1654003682.6724482,
  "end": 1654003893.7512038,
  "duration": 211.07875561714172,
  "exit_code": 0
}