{
  "contract": "dataset/access_control/wallet_04_confused_sign.sol",
  "tool": "osiris",
  "start": 1654180874.697933,
  "end": 1654180878.9873803,
  "duration": 4.28944730758667,
  "exit_code": 0
}