{
  "contract": "dataset/reentrancy/0x7b368c4e805c3870b6c49a3f1f49f69af8662cf3.sol",
  "tool": "oyente",
  "start": 1654007545.1996152,
  "end": 1654007553.0088565,
  "duration": 7.80924129486084,
  "exit_code": 1
}