{
  "contract": "dataset/unchecked_low_level_calls/0x4b71ad9c1a84b9b643aa54fdd66e2dec96e8b152.sol",
  "tool": "ccc",
  "start": 1664835022.694313,
  "end": 1664835042.762828,
  "duration": 20.068515062332153,
  "exit_code": 0
}