{
  "contract": "dataset/arithmetic/tokensalechallenge.sol",
  "tool": "maian",
  "start": 1654162138.4707162,
  "end": 1654162182.4629276,
  "duration": 43.99221134185791,
  "exit_code": 0
}