{
  "contract": "dataset/unchecked_low_level_calls/0xb620cee6b52f96f3c6b253e6eea556aa2d214a99.sol",
  "duration": 866.5331432819366,
  "end": 1654245938.6434245,
  "exit_code": 0,
  "start": 1654245072.1102812,
  "tool": "securify"
}