{
  "analysis": [],
  "contract": "dataset/unchecked_low_level_calls/0x4051334adc52057aca763453820cb0e045076ef3.sol",
  "duration": 3.9602530002593994,
  "end": 1654186625.81542,
  "exit_code": 0,
  "start": 1654186621.855167,
  "tool": "solhint"
}