{
  "contract": "dataset/unchecked_low_level_calls/0x4051334adc52057aca763453820cb0e045076ef3.sol",
  "tool": "solhint",
  "start": 1654186621.855167,
  "end": 1654186625.81542,
  "duration": 3.9602530002593994,
  "exit_code": 0
}