{
  "contract": "dataset/unchecked_low_level_calls/0x4b71ad9c1a84b9b643aa54fdd66e2dec96e8b152.sol",
  "tool": "solhint",
  "start": 1654186622.3126378,
  "end": 1654186635.4233024,
  "duration": 13.11066460609436,
  "exit_code": 0
}