{
  "contract": "dataset/arithmetic/integer_overflow_multitx_onefunc_feasible.sol",
  "tool": "solhint",
  "start": 1654186586.4249513,
  "end": 1654186589.0297303,
  "duration": 2.604779005050659,
  "exit_code": 0
}