{
  "contract": "dataset/unchecked_low_level_calls/0x7a4349a749e59a5736efb7826ee3496a2dfd5489.sol",
  "tool": "honeybadger",
  "start": 1654123404.105017,
  "end": 1654123478.687146,
  "duration": 74.58212900161743,
  "exit_code": 0
}