{
  "contract": "dataset/unchecked_low_level_calls/0xa1fceeff3acc57d257b917e30c4df661401d6431.sol",
  "tool": "osiris",
  "start": 1654181189.5496757,
  "end": 1654181244.5973334,
  "duration": 55.04765772819519,
  "exit_code": 0
}