{
  "contract": "dataset/unchecked_low_level_calls/0xf2570186500a46986f3139f65afedc2afe4f445d.sol",
  "tool": "honeybadger",
  "start": 1654123404.0469763,
  "end": 1654123410.37176,
  "duration": 6.324783563613892,
  "exit_code": 0
}