{
  "contract": "dataset/reentrancy/0x7a8721a9d64c74da899424c1b52acbf58ddc9782.sol",
  "tool": "smartcheck",
  "start": 1654008603.4638646,
  "end": 1654008615.811315,
  "duration": 12.347450494766235,
  "exit_code": 0
}