{
  "contract": "dataset/unchecked_low_level_calls/0xb7c5c5aa4d42967efe906e1b66cb8df9cebf04f7.sol",
  "tool": "oyente",
  "start": 1654181869.8146977,
  "end": 1654181874.402497,
  "duration": 4.587799310684204,
  "exit_code": 1
}