{
  "contract": "dataset/denial_of_service/list_dos.sol",
  "tool": "maian",
  "start": 1654163231.5241024,
  "end": 1654163336.45225,
  "duration": 104.92814755439758,
  "exit_code": 0
}