{
  "analysis": [
    []
  ],
  "contract": "dataset/access_control/wallet_02_refund_nosub.sol",
  "duration": 133.9606578350067,
  "end": 1654164701.3660586,
  "exit_code": 0,
  "start": 1654164567.4054008,
  "tool": "manticore"
}