{
  "contract": "dataset/unchecked_low_level_calls/0xf2570186500a46986f3139f65afedc2afe4f445d.sol",
  "tool": "osiris",
  "start": 1654181189.5416033,
  "end": 1654181199.3978953,
  "duration": 9.856292009353638,
  "exit_code": 0
}