{
  "analysis": [],
  "contract": "dataset/reentrancy/0xaae1f51cf3339f18b6d3f3bdc75a5facd744b0b8.sol",
  "duration": 9.481048107147217,
  "end": 1654082650.9912422,
  "exit_code": 0,
  "start": 1654082641.510194,
  "tool": "solhint"
}