{
  "contract": "dataset/unchecked_low_level_calls/0xb0510d68f210b7db66e8c7c814f22680f2b8d1d6.sol",
  "tool": "honeybadger",
  "start": 1654123404.058722,
  "end": 1654123419.969592,
  "duration": 15.91087007522583,
  "exit_code": 0
}