{
  "contract": "dataset/unchecked_low_level_calls/0x3e013fc32a54c4c5b6991ba539dcd0ec4355c859.sol",
  "tool": "ccc",
  "start": 1664835717.736032,
  "end": 1664835738.050646,
  "duration": 20.314614057540894,
  "exit_code": 0
}