{
  "contract": "dataset/unchecked_low_level_calls/0x3a0e9acd953ffc0dd18d63603488846a6b8b2b01.sol",
  "tool": "honeybadger",
  "start": 1654123404.1076617,
  "end": 1654123424.342806,
  "duration": 20.23514437675476,
  "exit_code": 0
}