{
  "contract": "dataset/reentrancy/0xb5e1b1ee15c6fa0e48fce100125569d430f1bd12.sol",
  "tool": "ccc",
  "start": 1664446198.587747,
  "end": 1664446219.6985888,
  "duration": 21.110841751098633,
  "exit_code": 0
}