{
  "contract": "dataset/unchecked_low_level_calls/0xb620cee6b52f96f3c6b253e6eea556aa2d214a99.sol",
  "tool": "honeybadger",
  "start": 1654123404.1287687,
  "end": 1654123452.8852873,
  "duration": 48.756518602371216,
  "exit_code": 0
}