{
  "contract": "dataset/unchecked_low_level_calls/0x3a0e9acd953ffc0dd18d63603488846a6b8b2b01.sol",
  "tool": "maian",
  "start": 1654163588.711893,
  "end": 1654163839.8373623,
  "duration": 251.12546920776367,
  "exit_code": 0
}