{
  "contract": "dataset/unchecked_low_level_calls/0x8fd1e427396ddb511533cf9abdbebd0a7e08da35.sol",
  "tool": "mythril",
  "start": 1654179707.8648963,
  "end": 1654179716.721008,
  "duration": 8.856111764907837,
  "exit_code": 0
}