{
  "contract": "dataset/reentrancy/reentrancy_simple.sol",
  "tool": "oyente",
  "start": 1654007545.2307463,
  "end": 1654007549.867207,
  "duration": 4.636460781097412,
  "exit_code": 1
}