{
  "contract": "dataset/unchecked_low_level_calls/0xe894d54dca59cb53fe9cbc5155093605c7068220.sol",
  "tool": "conkas",
  "start": 1654106830.4512484,
  "end": 1654106852.1870809,
  "duration": 21.735832452774048,
  "exit_code": 0
}