{
  "contract": "dataset/unchecked_low_level_calls/0xbaa3de6504690efb064420d89e871c27065cdd52.sol",
  "tool": "honeybadger",
  "start": 1654123404.0764687,
  "end": 1654123508.8517108,
  "duration": 104.77524209022522,
  "exit_code": 0
}