{
  "contract": "dataset/unchecked_low_level_calls/0x7d09edb07d23acb532a82be3da5c17d9d85806b4.sol",
  "tool": "maian",
  "start": 1654163588.7421947,
  "end": 1654163697.4904592,
  "duration": 108.74826455116272,
  "exit_code": 0
}