{
  "contract": "dataset/reentrancy/0x4e73b32ed6c35f570686b89848e5f39f20ecc106.sol",
  "tool": "slither",
  "start": 1653999783.43995,
  "end": 1653999794.3557262,
  "duration": 10.915776252746582,
  "exit_code": 26
}