{
  "contract": "dataset/unchecked_low_level_calls/0xb620cee6b52f96f3c6b253e6eea556aa2d214a99.sol",
  "tool": "oyente",
  "start": 1654181869.8502667,
  "end": 1654181887.1449678,
  "duration": 17.294701099395752,
  "exit_code": 1
}