{
  "contract": "dataset/unchecked_low_level_calls/0xe09b1ab8111c2729a76f16de96bc86a7af837928.sol",
  "tool": "osiris",
  "start": 1654181189.6201758,
  "end": 1654181252.4207761,
  "duration": 62.80060029029846,
  "exit_code": 0
}