{
  "contract": "dataset/access_control/wallet_04_confused_sign.sol",
  "tool": "slither",
  "start": 1654186381.9951649,
  "end": 1654186388.7370317,
  "duration": 6.741866827011108,
  "exit_code": 3
}