{
  "contract": "dataset/arithmetic/integer_overflow_benign_1.sol",
  "tool": "osiris",
  "start": 1654180930.7021215,
  "end": 1654180934.1242366,
  "duration": 3.4221150875091553,
  "exit_code": 0
}