{
  "contract": "dataset/reentrancy/0x96edbe868531bd23a6c05e9d0c424ea64fb1b78b.sol",
  "tool": "securify",
  "start": 1654007606.8744535,
  "end": 1654007956.77291,
  "duration": 349.8984565734863,
  "exit_code": 0
}