{
  "contract": "dataset/reentrancy/0x7a8721a9d64c74da899424c1b52acbf58ddc9782.sol",
  "tool": "solhint",
  "start": 1654082641.1441088,
  "end": 1654082644.6138203,
  "duration": 3.4697115421295166,
  "exit_code": 0
}