{
  "analysis": [
    []
  ],
  "contract": "dataset/arithmetic/integer_overflow_benign_1.sol",
  "duration": 8.349115371704102,
  "end": 1654166383.3800566,
  "exit_code": 0,
  "start": 1654166375.0309412,
  "tool": "manticore"
}