{
  "contract": "dataset/arithmetic/integer_overflow_benign_1.sol",
  "tool": "manticore",
  "start": 1654166375.0309412,
  "end": 1654166383.3800566,
  "duration": 8.349115371704102,
  "exit_code": 0
}