{
  "contract": "dataset/unchecked_low_level_calls/0x89c1b3807d4c67df034fffb62f3509561218d30b.sol",
  "tool": "conkas",
  "start": 1654106830.4313507,
  "end": 1654106853.9777358,
  "duration": 23.546385049819946,
  "exit_code": 0
}