{
  "contract": "dataset/front_running/odds_and_evens.sol",
  "tool": "honeybadger",
  "start": 1654123280.67518,
  "end": 1654123285.7357726,
  "duration": 5.0605926513671875,
  "exit_code": 0
}