{
  "contract": "dataset/arithmetic/integer_overflow_1.sol",
  "tool": "smartcheck",
  "start": 1654186490.3763094,
  "end": 1654186497.1436625,
  "duration": 6.767353057861328,
  "exit_code": 0
}