{
  "contract": "dataset/reentrancy/etherstore.sol",
  "tool": "mythril",
  "start": 1654006855.1271555,
  "end": 1654006863.1934457,
  "duration": 8.066290140151978,
  "exit_code": 0
}