{
  "contract": "dataset/reentrancy/0x01f8c4e3fa3edeb29e514cba738d87ce8c091d3f.sol",
  "tool": "mythril",
  "start": 1654006855.1694794,
  "end": 1654006870.5892184,
  "duration": 15.419739007949829,
  "exit_code": 0
}