{
  "contract": "dataset/unchecked_low_level_calls/0xec329ffc97d75fe03428ae155fc7793431487f63.sol",
  "tool": "osiris",
  "start": 1654181189.52965,
  "end": 1654181290.8173282,
  "duration": 101.28767824172974,
  "exit_code": 0
}