{
  "contract": "dataset/unchecked_low_level_calls/0x84d9ec85c9c568eb332b7226a8f826d897e0a4a8.sol",
  "tool": "oyente",
  "start": 1654181869.7119284,
  "end": 1654181876.2313719,
  "duration": 6.519443511962891,
  "exit_code": 1
}