{
  "contract": "dataset/front_running/eth_tx_order_dependence_minimal.sol",
  "tool": "manticore",
  "start": 1654171791.6488004,
  "end": 1654171818.1645713,
  "duration": 26.51577091217041,
  "exit_code": 0
}