{
  "contract": "dataset/unchecked_low_level_calls/0x89c1b3807d4c67df034fffb62f3509561218d30b.sol",
  "tool": "smartcheck",
  "start": 1654186542.937679,
  "end": 1654186564.8762033,
  "duration": 21.93852424621582,
  "exit_code": 0
}