{
  "contract": "dataset/reentrancy/reentrance.sol",
  "tool": "oyente",
  "start": 1654007545.2710085,
  "end": 1654007551.6961088,
  "duration": 6.425100326538086,
  "exit_code": 1
}