{
  "contract": "dataset/unchecked_low_level_calls/0xf70d589d76eebdd7c12cc5eec99f8f6fa4233b9e.sol",
  "tool": "honeybadger",
  "start": 1654123404.058896,
  "end": 1654123467.065693,
  "duration": 63.00679683685303,
  "exit_code": 0
}