{
  "contract": "dataset/unchecked_low_level_calls/0xdb1c55f6926e7d847ddf8678905ad871a68199d2.sol",
  "tool": "honeybadger",
  "start": 1654123404.055164,
  "end": 1654123468.6741605,
  "duration": 64.61899638175964,
  "exit_code": 0
}