{
  "contract": "dataset/reentrancy/0x8c7777c45481dba411450c228cb692ac3d550344.sol",
  "tool": "honeybadger",
  "start": 1654003682.615561,
  "end": 1654003892.5925288,
  "duration": 209.97696781158447,
  "exit_code": 0
}