{
  "contract": "dataset/unchecked_low_level_calls/0x7d09edb07d23acb532a82be3da5c17d9d85806b4.sol",
  "tool": "solhint",
  "start": 1654186622.049407,
  "end": 1654186630.792542,
  "duration": 8.74313497543335,
  "exit_code": 1
}