{
  "contract": "dataset/unchecked_low_level_calls/0xb7c5c5aa4d42967efe906e1b66cb8df9cebf04f7.sol",
  "tool": "osiris",
  "start": 1654181189.5015075,
  "end": 1654181200.9652193,
  "duration": 11.463711738586426,
  "exit_code": 0
}