{
  "contract": "dataset/unchecked_low_level_calls/mishandled.sol",
  "tool": "oyente",
  "start": 1654181869.7762876,
  "end": 1654181873.9483533,
  "duration": 4.172065734863281,
  "exit_code": 0
}