{
  "contract": "dataset/unchecked_low_level_calls/0x4a66ad0bca2d700f11e1f2fc2c106f7d3264504c.sol",
  "tool": "smartcheck",
  "start": 1654186542.9511924,
  "end": 1654186565.1822739,
  "duration": 22.23108148574829,
  "exit_code": 0
}