{
  "contract": "dataset/arithmetic/integer_overflow_1.sol",
  "tool": "osiris",
  "start": 1654180930.6778374,
  "end": 1654180933.9661682,
  "duration": 3.2883307933807373,
  "exit_code": 0
}