{
  "contract": "dataset/reentrancy/0x01f8c4e3fa3edeb29e514cba738d87ce8c091d3f.sol",
  "tool": "smartcheck",
  "start": 1654008603.1639302,
  "end": 1654008615.495841,
  "duration": 12.331910848617554,
  "exit_code": 0
}