{
  "contract": "dataset/unchecked_low_level_calls/0x663e4229142a27f00bafb5d087e1e730648314c3.sol",
  "tool": "oyente",
  "start": 1654181869.8027098,
  "end": 1654182003.9660442,
  "duration": 134.16333436965942,
  "exit_code": 1
}