{
  "contract": "dataset/unchecked_low_level_calls/0x8fd1e427396ddb511533cf9abdbebd0a7e08da35.sol",
  "tool": "osiris",
  "start": 1654181189.535955,
  "end": 1654181206.4059286,
  "duration": 16.86997365951538,
  "exit_code": 0
}