{
  "contract": "dataset/unchecked_low_level_calls/0x52d2e0f9b01101a59b38a3d05c80b7618aeed984.sol",
  "tool": "honeybadger",
  "start": 1654123404.1283891,
  "end": 1654123417.2724779,
  "duration": 13.144088745117188,
  "exit_code": 0
}