{
  "contract": "dataset/unchecked_low_level_calls/0x3f2ef511aa6e75231e4deafc7a3d2ecab3741de2.sol",
  "tool": "osiris",
  "start": 1654181189.613557,
  "end": 1654181239.5237434,
  "duration": 49.91018629074097,
  "exit_code": 0
}