{
  "contract": "dataset/unchecked_low_level_calls/0xe09b1ab8111c2729a76f16de96bc86a7af837928.sol",
  "tool": "honeybadger",
  "start": 1654123404.1285896,
  "end": 1654123525.0910459,
  "duration": 120.96245622634888,
  "exit_code": 0
}