{
  "contract": "dataset/unchecked_low_level_calls/0xf2570186500a46986f3139f65afedc2afe4f445d.sol",
  "tool": "oyente",
  "start": 1654181869.747075,
  "end": 1654181873.8884442,
  "duration": 4.141369104385376,
  "exit_code": 0
}