{
  "contract": "dataset/access_control/wallet_03_wrong_constructor.sol",
  "tool": "manticore",
  "start": 1654164567.4113812,
  "end": 1654165125.996941,
  "duration": 558.5855598449707,
  "exit_code": 0
}