{
  "analysis": [],
  "contract": "dataset/unchecked_low_level_calls/0xd5967fed03e85d1cce44cab284695b41bc675b5c.sol",
  "duration": 14.159392833709717,
  "end": 1654186636.458133,
  "exit_code": 0,
  "start": 1654186622.2987401,
  "tool": "solhint"
}