{
  "contract": "dataset/reentrancy/0x01f8c4e3fa3edeb29e514cba738d87ce8c091d3f.sol",
  "tool": "honeybadger",
  "start": 1654003682.7293715,
  "end": 1654003895.571342,
  "duration": 212.8419704437256,
  "exit_code": 0
}