{
  "contract": "dataset/access_control/simple_suicide.sol",
  "tool": "oyente",
  "start": 1654181737.2420032,
  "end": 1654181740.260323,
  "duration": 3.018319845199585,
  "exit_code": 0
}