{
  "contract": "dataset/reentrancy/0x4320e6f8c05b27ab4707cd1f6d5ce6f3e4b3a5a1.sol",
  "tool": "slither",
  "start": 1653999783.3389297,
  "end": 1653999789.2687907,
  "duration": 5.929861068725586,
  "exit_code": 26
}