{
  "contract": "dataset/reentrancy/0x7a8721a9d64c74da899424c1b52acbf58ddc9782.sol",
  "tool": "osiris",
  "start": 1654007399.6520474,
  "end": 1654007459.948938,
  "duration": 60.29689049720764,
  "exit_code": 0
}