{
  "analysis": [],
  "contract": "dataset/reentrancy/0xbe4041d55db380c5ae9d4a9b9703f1ed4e7e3888.sol",
  "duration": 4.5842437744140625,
  "end": 1654082645.964276,
  "exit_code": 0,
  "start": 1654082641.3800323,
  "tool": "solhint"
}