{
  "contract": "dataset/reentrancy/reentrancy_bonus.sol",
  "tool": "smartcheck",
  "start": 1654008603.3146877,
  "end": 1654008614.9800098,
  "duration": 11.665322065353394,
  "exit_code": 0
}