{
  "contract": "dataset/access_control/proxy.sol",
  "tool": "solhint",
  "start": 1654186576.9209418,
  "end": 1654186581.9170263,
  "duration": 4.996084451675415,
  "exit_code": 1
}