{
  "contract": "dataset/unchecked_low_level_calls/0x78c2a1e91b52bca4130b6ed9edd9fbcfd4671c37.sol",
  "tool": "conkas",
  "start": 1654106830.4827018,
  "end": 1654106842.0017,
  "duration": 11.518998146057129,
  "exit_code": 0
}