{
  "contract": "dataset/access_control/rubixi.sol",
  "tool": "maian",
  "start": 1654161877.1851184,
  "end": 1654162135.311139,
  "duration": 258.12602066993713,
  "exit_code": 0
}