{
  "contract": "dataset/reentrancy/0x93c32845fae42c83a70e5f06214c8433665c2ab5.sol",
  "tool": "oyente",
  "start": 1654007545.417985,
  "end": 1654007555.8240457,
  "duration": 10.406060695648193,
  "exit_code": 1
}