{
  "contract": "dataset/unchecked_low_level_calls/0xf29ebe930a539a60279ace72c707cba851a57707.sol",
  "tool": "slither",
  "start": 1654186435.7677581,
  "end": 1654186445.3787372,
  "duration": 9.610979080200195,
  "exit_code": 3
}