{
  "contract": "dataset/unchecked_low_level_calls/0xb0510d68f210b7db66e8c7c814f22680f2b8d1d6.sol",
  "tool": "mythril",
  "start": 1654179708.428459,
  "end": 1654179719.3007438,
  "duration": 10.872284889221191,
  "exit_code": 0
}