{
  "contract": "dataset/unchecked_low_level_calls/0x7d09edb07d23acb532a82be3da5c17d9d85806b4.sol",
  "tool": "conkas",
  "start": 1654106830.4401789,
  "end": 1654106843.5802312,
  "duration": 13.140052318572998,
  "exit_code": 0
}