{
  "contract": "dataset/reentrancy/0xcead721ef5b11f1a7b530171aab69b16c5e66b6e.sol",
  "tool": "oyente",
  "start": 1654007545.2099192,
  "end": 1654007553.6276128,
  "duration": 8.417693614959717,
  "exit_code": 1
}