{
  "contract": "dataset/unchecked_low_level_calls/0x70f9eddb3931491aab1aeafbc1e7f1ca2a012db4.sol",
  "tool": "honeybadger",
  "start": 1654123404.003268,
  "end": 1654123469.12893,
  "duration": 65.12566208839417,
  "exit_code": 0
}