{
  "contract": "dataset/reentrancy/0xcead721ef5b11f1a7b530171aab69b16c5e66b6e.sol",
  "tool": "smartcheck",
  "start": 1654008603.3413155,
  "end": 1654008616.0280852,
  "duration": 12.686769723892212,
  "exit_code": 0
}