{
  "contract": "dataset/unchecked_low_level_calls/0x2972d548497286d18e92b5fa1f8f9139e5653fd2.sol",
  "tool": "osiris",
  "start": 1654181189.6256788,
  "end": 1654181244.0961664,
  "duration": 54.47048759460449,
  "exit_code": 0
}