{
  "contract": "dataset/reentrancy/0xf015c35649c82f5467c9c74b7f28ee67665aad68.sol",
  "tool": "securify",
  "start": 1654007606.3007617,
  "end": 1654007924.8097708,
  "duration": 318.5090091228485,
  "exit_code": 0
}