{
  "contract": "dataset/reentrancy/0x561eac93c92360949ab1f1403323e6db345cbf31.sol",
  "tool": "honeybadger",
  "start": 1654003682.6551762,
  "end": 1654003895.0221517,
  "duration": 212.36697554588318,
  "exit_code": 0
}