{
  "contract": "dataset/unchecked_low_level_calls/0x4051334adc52057aca763453820cb0e045076ef3.sol",
  "tool": "ccc",
  "start": 1664834917.1213691,
  "end": 1664834937.807534,
  "duration": 20.68616485595703,
  "exit_code": 0
}