{
  "contract": "dataset/unchecked_low_level_calls/0x8fd1e427396ddb511533cf9abdbebd0a7e08da35.sol",
  "tool": "oyente",
  "start": 1654181869.817282,
  "end": 1654181885.1415832,
  "duration": 15.32430124282837,
  "exit_code": 0
}