{
  "contract": "dataset/unchecked_low_level_calls/0x3e013fc32a54c4c5b6991ba539dcd0ec4355c859.sol",
  "tool": "conkas",
  "start": 1654106830.476807,
  "end": 1654106853.5668669,
  "duration": 23.090059757232666,
  "exit_code": 0
}