{
  "contract": "dataset/unchecked_low_level_calls/0xb7c5c5aa4d42967efe906e1b66cb8df9cebf04f7.sol",
  "tool": "smartcheck",
  "start": 1654186542.9145207,
  "end": 1654186564.4622233,
  "duration": 21.54770255088806,
  "exit_code": 0
}