{
  "contract": "dataset/arithmetic/integer_overflow_add.sol",
  "tool": "solhint",
  "start": 1654186586.3780615,
  "end": 1654186589.6089756,
  "duration": 3.2309141159057617,
  "exit_code": 0
}