{
  "contract": "dataset/reentrancy/0x7a8721a9d64c74da899424c1b52acbf58ddc9782.sol",
  "tool": "ccc",
  "start": 1664450825.898292,
  "end": 1664450846.241617,
  "duration": 20.343324899673462,
  "exit_code": 0
}