{
  "analysis": {
    "is_lock_vulnerable": false,
    "is_prodigal_vulnerable": false,
    "is_suicidal_vulnerable": false
  },
  "contract": "dataset/reentrancy/0xf015c35649c82f5467c9c74b7f28ee67665aad68.sol",
  "duration": 166.05481147766113,
  "end": 1654004352.3668592,
  "exit_code": 0,
  "start": 1654004186.3120477,
  "tool": "maian"
}