{
  "contract": "dataset/unchecked_low_level_calls/0xa46edd6a9a93feec36576ee5048146870ea2c3ae.sol",
  "tool": "honeybadger",
  "start": 1654123404.104352,
  "end": 1654123423.7554314,
  "duration": 19.651079416275024,
  "exit_code": 0
}