{
  "contract": "dataset/unchecked_low_level_calls/0xe4eabdca81e31d9acbc4af76b30f532b6ed7f3bf.sol",
  "tool": "smartcheck",
  "start": 1654186542.9537172,
  "end": 1654186564.7394865,
  "duration": 21.78576922416687,
  "exit_code": 0
}