{
  "analysis": {
    "is_lock_vulnerable": false,
    "is_prodigal_vulnerable": false,
    "is_suicidal_vulnerable": false
  },
  "contract": "dataset/unchecked_low_level_calls/0xe09b1ab8111c2729a76f16de96bc86a7af837928.sol",
  "duration": 146.5128104686737,
  "end": 1654163735.2146518,
  "exit_code": 0,
  "start": 1654163588.7018414,
  "tool": "maian"
}