{
  "contract": "dataset/unchecked_low_level_calls/0xe09b1ab8111c2729a76f16de96bc86a7af837928.sol",
  "tool": "maian",
  "start": 1654163588.7018414,
  "end": 1654163735.2146518,
  "duration": 146.5128104686737,
  "exit_code": 0
}