{
  "contract": "dataset/unchecked_low_level_calls/0xf2570186500a46986f3139f65afedc2afe4f445d.sol",
  "tool": "smartcheck",
  "start": 1654186542.9376223,
  "end": 1654186564.932414,
  "duration": 21.994791746139526,
  "exit_code": 0
}