{
  "contract": "dataset/arithmetic/integer_overflow_1.sol",
  "tool": "solhint",
  "start": 1654186586.4168155,
  "end": 1654186589.6956081,
  "duration": 3.2787926197052,
  "exit_code": 1
}