{
  "contract": "dataset/unchecked_low_level_calls/0xdb1c55f6926e7d847ddf8678905ad871a68199d2.sol",
  "tool": "solhint",
  "start": 1654186621.9819608,
  "end": 1654186635.7673035,
  "duration": 13.785342693328857,
  "exit_code": 1
}