{
  "contract": "dataset/arithmetic/timelock.sol",
  "tool": "honeybadger",
  "start": 1654122531.505431,
  "end": 1654122535.5043998,
  "duration": 3.9989688396453857,
  "exit_code": 0
}