{
  "contract": "dataset/reentrancy/etherstore.sol",
  "tool": "honeybadger",
  "start": 1654003682.6730857,
  "end": 1654003692.023705,
  "duration": 9.350619316101074,
  "exit_code": 0
}