{
  "contract": "dataset/reentrancy/0x561eac93c92360949ab1f1403323e6db345cbf31.sol",
  "tool": "conkas",
  "start": 1654008664.6991408,
  "end": 1654008765.70432,
  "duration": 101.00517916679382,
  "exit_code": 0
}