{
  "contract": "dataset/reentrancy/0x7541b76cb60f4c60af330c208b0623b7f54bf615.sol",
  "tool": "smartcheck",
  "start": 1654008603.1934826,
  "end": 1654008613.9843817,
  "duration": 10.79089903831482,
  "exit_code": 0
}