{
  "contract": "dataset/bad_randomness/random_number_generator.sol",
  "tool": "solhint",
  "start": 1654186593.179326,
  "end": 1654186596.2660336,
  "duration": 3.086707592010498,
  "exit_code": 1
}