{
  "contract": "dataset/unchecked_low_level_calls/0xf70d589d76eebdd7c12cc5eec99f8f6fa4233b9e.sol",
  "tool": "oyente",
  "start": 1654181869.767985,
  "end": 1654181875.1994998,
  "duration": 5.431514739990234,
  "exit_code": 1
}