{
  "analysis": [
    []
  ],
  "contract": "dataset/unchecked_low_level_calls/0xb7c5c5aa4d42967efe906e1b66cb8df9cebf04f7.sol",
  "duration": 72.59578037261963,
  "end": 1654175567.9234755,
  "exit_code": 0,
  "start": 1654175495.3276951,
  "tool": "manticore"
}