{
  "contract": "dataset/unchecked_low_level_calls/0x78c2a1e91b52bca4130b6ed9edd9fbcfd4671c37.sol",
  "tool": "smartcheck",
  "start": 1654186542.909045,
  "end": 1654186554.5295157,
  "duration": 11.620470762252808,
  "exit_code": 0
}