{
  "contract": "dataset/arithmetic/insecure_transfer.sol",
  "tool": "manticore",
  "start": 1654166375.096941,
  "end": 1654166403.9485624,
  "duration": 28.851621389389038,
  "exit_code": 0
}