{
  "analysis": {
    "is_lock_vulnerable": false,
    "is_prodigal_vulnerable": false,
    "is_suicidal_vulnerable": false
  },
  "contract": "dataset/unchecked_low_level_calls/0x958a8f594101d2c0485a52319f29b2647f2ebc06.sol",
  "duration": 186.03927731513977,
  "end": 1654163774.7775393,
  "exit_code": 0,
  "start": 1654163588.738262,
  "tool": "maian"
}