{
  "contract": "dataset/unchecked_low_level_calls/0x958a8f594101d2c0485a52319f29b2647f2ebc06.sol",
  "tool": "maian",
  "start": 1654163588.738262,
  "end": 1654163774.7775393,
  "duration": 186.03927731513977,
  "exit_code": 0
}