{
  "contract": "dataset/unchecked_low_level_calls/0x07f7ecb66d788ab01dc93b9b71a88401de7d0f2e.sol",
  "tool": "ccc",
  "start": 1664835042.764277,
  "end": 1664835066.399468,
  "duration": 23.635190963745117,
  "exit_code": 0
}