{
  "contract": "dataset/unchecked_low_level_calls/0x89c1b3807d4c67df034fffb62f3509561218d30b.sol",
  "tool": "slither",
  "start": 1654186435.6835983,
  "end": 1654186440.477618,
  "duration": 4.79401969909668,
  "exit_code": 34
}