{
  "contract": "dataset/reentrancy/simple_dao.sol",
  "tool": "oyente",
  "start": 1654007545.2732587,
  "end": 1654007551.6600366,
  "duration": 6.386777877807617,
  "exit_code": 1
}