{
  "contract": "dataset/reentrancy/0x627fa62ccbb1c1b04ffaecd72a53e37fc0e17839.sol",
  "tool": "mythril",
  "start": 1654006855.1630402,
  "end": 1654006866.620659,
  "duration": 11.457618951797485,
  "exit_code": 0
}