{
  "contract": "dataset/unchecked_low_level_calls/0x4a66ad0bca2d700f11e1f2fc2c106f7d3264504c.sol",
  "tool": "slither",
  "start": 1654186435.61174,
  "end": 1654186443.9900608,
  "duration": 8.378320693969727,
  "exit_code": 6
}