{
  "contract": "dataset/unchecked_low_level_calls/0x958a8f594101d2c0485a52319f29b2647f2ebc06.sol",
  "tool": "honeybadger",
  "start": 1654123404.145962,
  "end": 1654123682.4476218,
  "duration": 278.301659822464,
  "exit_code": 0
}