{
  "contract": "dataset/arithmetic/integer_overflow_multitx_onefunc_feasible.sol",
  "tool": "smartcheck",
  "start": 1654186490.393591,
  "end": 1654186497.6140172,
  "duration": 7.220426321029663,
  "exit_code": 0
}