{
  "contract": "dataset/unchecked_low_level_calls/0xbebbfe5b549f5db6e6c78ca97cac19d1fb03082c.sol",
  "tool": "solhint",
  "start": 1654186621.729609,
  "end": 1654186633.1853175,
  "duration": 11.455708503723145,
  "exit_code": 1
}