{
  "contract": "dataset/unchecked_low_level_calls/0x19cf8481ea15427a98ba3cdd6d9e14690011ab10.sol",
  "tool": "honeybadger",
  "start": 1654123404.0601308,
  "end": 1654123676.1095536,
  "duration": 272.0494227409363,
  "exit_code": 0
}