{
  "contract": "dataset/unchecked_low_level_calls/0x4b71ad9c1a84b9b643aa54fdd66e2dec96e8b152.sol",
  "tool": "slither",
  "start": 1654186435.7467527,
  "end": 1654186439.8438325,
  "duration": 4.097079753875732,
  "exit_code": 5
}