{
  "contract": "dataset/reentrancy/0xbe4041d55db380c5ae9d4a9b9703f1ed4e7e3888.sol",
  "tool": "honeybadger",
  "start": 1654003682.6728094,
  "end": 1654003900.7452953,
  "duration": 218.0724859237671,
  "exit_code": 0
}