{
  "contract": "dataset/unchecked_low_level_calls/0xd5967fed03e85d1cce44cab284695b41bc675b5c.sol",
  "tool": "honeybadger",
  "start": 1654123404.1061213,
  "end": 1654123419.1955357,
  "duration": 15.089414358139038,
  "exit_code": 0
}