{
  "contract": "dataset/access_control/incorrect_constructor_name3.sol",
  "tool": "osiris",
  "start": 1654180874.6581893,
  "end": 1654180877.4748263,
  "duration": 2.8166370391845703,
  "exit_code": 0
}