{
  "contract": "dataset/unchecked_low_level_calls/0xe09b1ab8111c2729a76f16de96bc86a7af837928.sol",
  "tool": "conkas",
  "start": 1654106830.4870512,
  "end": 1654106855.046482,
  "duration": 24.559430837631226,
  "exit_code": 0
}