{
  "contract": "dataset/reentrancy/0xaae1f51cf3339f18b6d3f3bdc75a5facd744b0b8.sol",
  "tool": "honeybadger",
  "start": 1654003682.708752,
  "end": 1654003894.6929445,
  "duration": 211.984192609787,
  "exit_code": 0
}