{
  "contract": "dataset/arithmetic/insecure_transfer.sol",
  "tool": "smartcheck",
  "start": 1654186490.3137581,
  "end": 1654186497.3577926,
  "duration": 7.044034481048584,
  "exit_code": 0
}