{
  "contract": "dataset/front_running/odds_and_evens.sol",
  "tool": "smartcheck",
  "start": 1654186515.7287304,
  "end": 1654186521.6778755,
  "duration": 5.949145078659058,
  "exit_code": 0
}