{
  "analysis": [
    []
  ],
  "contract": "dataset/bad_randomness/guess_the_random_number.sol",
  "duration": 4.7473719120025635,
  "end": 1654168185.4646912,
  "exit_code": 0,
  "start": 1654168180.7173193,
  "tool": "manticore"
}