{
  "contract": "dataset/arithmetic/integer_overflow_multitx_onefunc_feasible.sol",
  "tool": "conkas",
  "start": 1654092831.8736453,
  "end": 1654092837.2267292,
  "duration": 5.353083848953247,
  "exit_code": 0
}