{
  "contract": "dataset/unchecked_low_level_calls/0x3a0e9acd953ffc0dd18d63603488846a6b8b2b01.sol",
  "tool": "oyente",
  "start": 1654181869.7686265,
  "end": 1654181877.1101325,
  "duration": 7.341506004333496,
  "exit_code": 0
}