{
  "analysis": [],
  "contract": "dataset/unchecked_low_level_calls/0x3a0e9acd953ffc0dd18d63603488846a6b8b2b01.sol",
  "duration": 12.466030359268188,
  "end": 1654186634.5945199,
  "exit_code": 0,
  "start": 1654186622.1284895,
  "tool": "solhint"
}