{
  "contract": "dataset/unchecked_low_level_calls/0x4051334adc52057aca763453820cb0e045076ef3.sol",
  "tool": "securify",
  "start": 1654245073.0414526,
  "end": 1654245472.6518784,
  "duration": 399.6104257106781,
  "exit_code": 0
}