{
  "contract": "dataset/reentrancy/0x627fa62ccbb1c1b04ffaecd72a53e37fc0e17839.sol",
  "tool": "solhint",
  "start": 1654082641.1682627,
  "end": 1654082646.209298,
  "duration": 5.041035175323486,
  "exit_code": 0
}