{
  "contract": "dataset/bad_randomness/lucky_doubler.sol",
  "tool": "conkas",
  "start": 1654106488.803474,
  "end": 1654106757.3992112,
  "duration": 268.5957372188568,
  "exit_code": 0
}