{
  "contract": "dataset/unchecked_low_level_calls/0xb11b2fed6c9354f7aa2f658d3b4d7b31d8a13b77.sol",
  "tool": "ccc",
  "start": 1664834520.3260338,
  "end": 1664834542.368562,
  "duration": 22.04252815246582,
  "exit_code": 0
}