{
  "contract": "dataset/unchecked_low_level_calls/0x0cbe050f75bc8f8c2d6c0d249fea125fd6e1acc9.sol",
  "tool": "solhint",
  "start": 1654186622.0077453,
  "end": 1654186625.9066613,
  "duration": 3.898916006088257,
  "exit_code": 0
}