{
  "contract": "dataset/access_control/wallet_02_refund_nosub.sol",
  "tool": "solhint",
  "start": 1654186576.7860615,
  "end": 1654186580.3019063,
  "duration": 3.5158448219299316,
  "exit_code": 1
}