{
  "contract": "dataset/unchecked_low_level_calls/0xa46edd6a9a93feec36576ee5048146870ea2c3ae.sol",
  "tool": "mythril",
  "start": 1654179708.456118,
  "end": 1654179748.7922788,
  "duration": 40.33616065979004,
  "exit_code": 0
}