{
  "contract": "dataset/unchecked_low_level_calls/0x610495793564aed0f9c7fc48dc4c7c9151d34fd6.sol",
  "tool": "smartcheck",
  "start": 1654186542.8836787,
  "end": 1654186554.2967105,
  "duration": 11.413031816482544,
  "exit_code": 0
}