{
  "contract": "dataset/unchecked_low_level_calls/0xd5967fed03e85d1cce44cab284695b41bc675b5c.sol",
  "tool": "osiris",
  "start": 1654181189.6186066,
  "end": 1654181246.0784044,
  "duration": 56.459797859191895,
  "exit_code": 0
}