{
  "contract": "dataset/unchecked_low_level_calls/0xf29ebe930a539a60279ace72c707cba851a57707.sol",
  "tool": "conkas",
  "start": 1654106830.395546,
  "end": 1654106836.8065178,
  "duration": 6.4109718799591064,
  "exit_code": 0
}