{
  "contract": "dataset/unchecked_low_level_calls/0xec329ffc97d75fe03428ae155fc7793431487f63.sol",
  "tool": "smartcheck",
  "start": 1654186542.7977192,
  "end": 1654186552.6795986,
  "duration": 9.881879329681396,
  "exit_code": 0
}