{
  "contract": "dataset/access_control/wallet_04_confused_sign.sol",
  "tool": "mythril",
  "start": 1654177339.5769093,
  "end": 1654177344.777262,
  "duration": 5.200352668762207,
  "exit_code": 0
}