{
  "contract": "dataset/unchecked_low_level_calls/0xe4eabdca81e31d9acbc4af76b30f532b6ed7f3bf.sol",
  "tool": "oyente",
  "start": 1654181869.8343532,
  "end": 1654181884.9769125,
  "duration": 15.142559289932251,
  "exit_code": 1
}