{
  "contract": "dataset/unchecked_low_level_calls/0xb11b2fed6c9354f7aa2f658d3b4d7b31d8a13b77.sol",
  "tool": "osiris",
  "start": 1654181189.6296344,
  "end": 1654181271.2964025,
  "duration": 81.66676807403564,
  "exit_code": 0
}