{
  "contract": "dataset/reentrancy/0x96edbe868531bd23a6c05e9d0c424ea64fb1b78b.sol",
  "tool": "osiris",
  "start": 1654007399.5259435,
  "end": 1654007458.411454,
  "duration": 58.88551044464111,
  "exit_code": 0
}