{
  "contract": "dataset/unchecked_low_level_calls/0xe4eabdca81e31d9acbc4af76b30f532b6ed7f3bf.sol",
  "tool": "honeybadger",
  "start": 1654123404.0701506,
  "end": 1654123470.711829,
  "duration": 66.64167833328247,
  "exit_code": 0
}