{
  "contract": "dataset/reentrancy/0xcead721ef5b11f1a7b530171aab69b16c5e66b6e.sol",
  "tool": "mythril",
  "start": 1654006854.9996324,
  "end": 1654006870.6855686,
  "duration": 15.685936212539673,
  "exit_code": 0
}