{
  "contract": "dataset/reentrancy/0xbaf51e761510c1a11bf48dd87c0307ac8a8c8a4f.sol",
  "tool": "securify",
  "start": 1654007606.1202538,
  "end": 1654007950.6324797,
  "duration": 344.51222586631775,
  "exit_code": 0
}