{
  "contract": "dataset/unchecked_low_level_calls/0x3a0e9acd953ffc0dd18d63603488846a6b8b2b01.sol",
  "tool": "mythril",
  "start": 1654179708.3111074,
  "end": 1654179717.1192448,
  "duration": 8.8081374168396,
  "exit_code": 0
}