{
  "contract": "dataset/unchecked_low_level_calls/0x806a6bd219f162442d992bdc4ee6eba1f2c5a707.sol",
  "tool": "oyente",
  "start": 1654181869.782263,
  "end": 1654181877.6803327,
  "duration": 7.898069620132446,
  "exit_code": 1
}