{
  "contract": "dataset/unchecked_low_level_calls/0xb37f18af15bafb869a065b61fc83cfc44ed9cc27.sol",
  "tool": "solhint",
  "start": 1654186622.2797608,
  "end": 1654186636.0804996,
  "duration": 13.80073881149292,
  "exit_code": 0
}