{
  "contract": "dataset/arithmetic/integer_overflow_multitx_multifunc_feasible.sol",
  "tool": "securify",
  "start": 1654182411.6859179,
  "end": 1654182424.383569,
  "duration": 12.697651147842407,
  "exit_code": 0
}