{
  "contract": "dataset/unchecked_low_level_calls/0xb7c5c5aa4d42967efe906e1b66cb8df9cebf04f7.sol",
  "tool": "conkas",
  "start": 1654106830.430852,
  "end": 1654106839.089604,
  "duration": 8.658751964569092,
  "exit_code": 0
}