{
  "contract": "dataset/unchecked_low_level_calls/0x07f7ecb66d788ab01dc93b9b71a88401de7d0f2e.sol",
  "tool": "mythril",
  "start": 1654179708.4599872,
  "end": 1654179801.530466,
  "duration": 93.07047891616821,
  "exit_code": 0
}