{
  "contract": "dataset/arithmetic/BECToken.sol",
  "tool": "solhint",
  "start": 1654186586.420366,
  "end": 1654186591.0282269,
  "duration": 4.607860803604126,
  "exit_code": 1
}