{
  "contract": "dataset/unchecked_low_level_calls/0xe82f0742a71a02b9e9ffc142fdcb6eb1ed06fb87.sol",
  "tool": "honeybadger",
  "start": 1654123404.0786912,
  "end": 1654123470.0601661,
  "duration": 65.98147487640381,
  "exit_code": 0
}