{
  "contract": "dataset/access_control/FibonacciBalance.sol",
  "tool": "securify",
  "start": 1654182041.4039392,
  "end": 1654182131.5728536,
  "duration": 90.16891431808472,
  "exit_code": 0
}