{
  "contract": "dataset/reentrancy/reentrancy_cross_function.sol",
  "tool": "oyente",
  "start": 1654007545.2771828,
  "end": 1654007551.9446821,
  "duration": 6.667499303817749,
  "exit_code": 1
}