{
  "analysis": {
    "is_lock_vulnerable": false,
    "is_prodigal_vulnerable": false,
    "is_suicidal_vulnerable": false
  },
  "contract": "dataset/reentrancy/0x627fa62ccbb1c1b04ffaecd72a53e37fc0e17839.sol",
  "duration": 239.44207191467285,
  "end": 1654004425.7856534,
  "exit_code": 0,
  "start": 1654004186.3435814,
  "tool": "maian"
}