{
  "contract": "dataset/reentrancy/0x627fa62ccbb1c1b04ffaecd72a53e37fc0e17839.sol",
  "tool": "maian",
  "start": 1654004186.3435814,
  "end": 1654004425.7856534,
  "duration": 239.44207191467285,
  "exit_code": 0
}