{
  "contract": "dataset/reentrancy/0x93c32845fae42c83a70e5f06214c8433665c2ab5.sol",
  "tool": "securify",
  "start": 1654007606.1239395,
  "end": 1654007929.1043806,
  "duration": 322.9804410934448,
  "exit_code": 0
}