{
  "contract": "dataset/reentrancy/0x4e73b32ed6c35f570686b89848e5f39f20ecc106.sol",
  "tool": "securify",
  "start": 1654007606.1836052,
  "end": 1654007951.5296888,
  "duration": 345.34608364105225,
  "exit_code": 0
}