{
  "contract": "dataset/reentrancy/reentrance.sol",
  "tool": "solhint",
  "start": 1654082641.2741861,
  "end": 1654082647.898038,
  "duration": 6.623851776123047,
  "exit_code": 1
}