{
  "contract": "dataset/reentrancy/0x941d225236464a25eb18076df7da6a91d0f95e9e.sol",
  "tool": "solhint",
  "start": 1654082641.0140984,
  "end": 1654082650.6432867,
  "duration": 9.629188299179077,
  "exit_code": 0
}