{
  "contract": "dataset/unchecked_low_level_calls/0xf70d589d76eebdd7c12cc5eec99f8f6fa4233b9e.sol",
  "tool": "mythril",
  "start": 1654179708.4538615,
  "end": 1654179730.98882,
  "duration": 22.534958600997925,
  "exit_code": 0
}