{
  "contract": "dataset/unchecked_low_level_calls/0xb0510d68f210b7db66e8c7c814f22680f2b8d1d6.sol",
  "tool": "solhint",
  "start": 1654186622.0281763,
  "end": 1654186633.028833,
  "duration": 11.000656604766846,
  "exit_code": 1
}