{
  "contract": "dataset/unchecked_low_level_calls/0x0cbe050f75bc8f8c2d6c0d249fea125fd6e1acc9.sol",
  "tool": "oyente",
  "start": 1654181869.7240238,
  "end": 1654181872.846807,
  "duration": 3.1227831840515137,
  "exit_code": 0
}