{
  "contract": "dataset/arithmetic/integer_overflow_multitx_onefunc_feasible.sol",
  "tool": "mythril",
  "start": 1654177615.5570607,
  "end": 1654177620.0559814,
  "duration": 4.498920679092407,
  "exit_code": 0
}