{
  "contract": "dataset/reentrancy/reentrance.sol",
  "tool": "honeybadger",
  "start": 1654003682.7471237,
  "end": 1654003688.8956418,
  "duration": 6.148518085479736,
  "exit_code": 0
}