{
  "contract": "dataset/unchecked_low_level_calls/0x3f2ef511aa6e75231e4deafc7a3d2ecab3741de2.sol",
  "tool": "oyente",
  "start": 1654181869.7509823,
  "end": 1654181876.051736,
  "duration": 6.300753831863403,
  "exit_code": 1
}