{
  "contract": "dataset/unchecked_low_level_calls/mishandled.sol",
  "tool": "honeybadger",
  "start": 1654123404.0703857,
  "end": 1654123408.0739965,
  "duration": 4.003610849380493,
  "exit_code": 0
}