{
  "contract": "dataset/unchecked_low_level_calls/0x5aa88d2901c68fda244f1d0584400368d2c8e739.sol",
  "tool": "ccc",
  "start": 1664834787.919285,
  "end": 1664834808.852437,
  "duration": 20.933151960372925,
  "exit_code": 0
}