{
  "contract": "dataset/reentrancy/simple_dao.sol",
  "tool": "honeybadger",
  "start": 1654003682.6523407,
  "end": 1654003688.3298626,
  "duration": 5.6775219440460205,
  "exit_code": 0
}