{
  "contract": "dataset/unchecked_low_level_calls/0xe894d54dca59cb53fe9cbc5155093605c7068220.sol",
  "tool": "oyente",
  "start": 1654181869.7374222,
  "end": 1654181872.8426547,
  "duration": 3.1052324771881104,
  "exit_code": 1
}