{
  "contract": "dataset/unchecked_low_level_calls/0xf29ebe930a539a60279ace72c707cba851a57707.sol",
  "tool": "oyente",
  "start": 1654181869.7751057,
  "end": 1654181878.3967671,
  "duration": 8.62166142463684,
  "exit_code": 0
}