{
  "contract": "dataset/arithmetic/integer_overflow_mapping_sym_1.sol",
  "tool": "honeybadger",
  "start": 1654122531.5397253,
  "end": 1654122536.0138917,
  "duration": 4.474166393280029,
  "exit_code": 0
}