{
  "contract": "dataset/unchecked_low_level_calls/0x806a6bd219f162442d992bdc4ee6eba1f2c5a707.sol",
  "tool": "solhint",
  "start": 1654186621.8920605,
  "end": 1654186630.7654834,
  "duration": 8.873422861099243,
  "exit_code": 1
}