{
  "contract": "dataset/reentrancy/reentrance.sol",
  "tool": "smartcheck",
  "start": 1654008603.190708,
  "end": 1654008613.8358154,
  "duration": 10.645107507705688,
  "exit_code": 0
}