{
  "contract": "dataset/reentrancy/0x23a91059fdc9579a9fbd0edc5f2ea0bfdb70deb4.sol",
  "tool": "smartcheck",
  "start": 1654008603.3419592,
  "end": 1654008614.7365537,
  "duration": 11.394594430923462,
  "exit_code": 0
}