{
  "contract": "dataset/unchecked_low_level_calls/0x39cfd754c85023648bf003bea2dd498c5612abfa.sol",
  "tool": "solhint",
  "start": 1654186621.9768772,
  "end": 1654186627.6027405,
  "duration": 5.625863313674927,
  "exit_code": 0
}