{
  "contract": "dataset/access_control/incorrect_constructor_name3.sol",
  "tool": "smartcheck",
  "start": 1654186479.8127785,
  "end": 1654186486.7423384,
  "duration": 6.929559946060181,
  "exit_code": 0
}