{
  "contract": "dataset/reentrancy/0xcead721ef5b11f1a7b530171aab69b16c5e66b6e.sol",
  "tool": "honeybadger",
  "start": 1654003682.721762,
  "end": 1654003890.9138985,
  "duration": 208.1921365261078,
  "exit_code": 0
}