{
  "contract": "dataset/unchecked_low_level_calls/0x7a4349a749e59a5736efb7826ee3496a2dfd5489.sol",
  "tool": "smartcheck",
  "start": 1654186542.95536,
  "end": 1654186557.027468,
  "duration": 14.072108030319214,
  "exit_code": 0
}