{
  "contract": "dataset/unchecked_low_level_calls/0x78c2a1e91b52bca4130b6ed9edd9fbcfd4671c37.sol",
  "tool": "maian",
  "start": 1654163588.7900703,
  "end": 1654163696.250756,
  "duration": 107.46068572998047,
  "exit_code": 0
}