{
  "contract": "dataset/reentrancy/0xb5e1b1ee15c6fa0e48fce100125569d430f1bd12.sol",
  "tool": "oyente",
  "start": 1654007545.3981535,
  "end": 1654007554.2208092,
  "duration": 8.82265567779541,
  "exit_code": 1
}