{
  "contract": "dataset/unchecked_low_level_calls/0xf29ebe930a539a60279ace72c707cba851a57707.sol",
  "tool": "smartcheck",
  "start": 1654186542.8760743,
  "end": 1654186553.5263183,
  "duration": 10.650243997573853,
  "exit_code": 0
}