{
  "contract": "dataset/reentrancy/reentrancy_dao.sol",
  "tool": "solhint",
  "start": 1654082641.3214455,
  "end": 1654082646.6279576,
  "duration": 5.306512117385864,
  "exit_code": 0
}