{
  "contract": "dataset/unchecked_low_level_calls/0x806a6bd219f162442d992bdc4ee6eba1f2c5a707.sol",
  "tool": "maian",
  "start": 1654163588.7740695,
  "end": 1654163686.7418659,
  "duration": 97.9677963256836,
  "exit_code": 0
}