{
  "contract": "dataset/time_manipulation/timed_crowdsale.sol",
  "tool": "honeybadger",
  "start": 1654123370.5613303,
  "end": 1654123373.6068342,
  "duration": 3.045503854751587,
  "exit_code": 0
}