{
  "contract": "dataset/unchecked_low_level_calls/0xd5967fed03e85d1cce44cab284695b41bc675b5c.sol",
  "tool": "maian",
  "start": 1654163588.5806322,
  "end": 1654163708.4646869,
  "duration": 119.88405466079712,
  "exit_code": 0
}