{
  "contract": "dataset/unchecked_low_level_calls/0x07f7ecb66d788ab01dc93b9b71a88401de7d0f2e.sol",
  "tool": "conkas",
  "start": 1654106830.562811,
  "end": 1654106850.3666499,
  "duration": 19.803838968276978,
  "exit_code": 0
}