{
  "contract": "dataset/unchecked_low_level_calls/0x7d09edb07d23acb532a82be3da5c17d9d85806b4.sol",
  "tool": "honeybadger",
  "start": 1654123404.130291,
  "end": 1654123456.6184027,
  "duration": 52.48811173439026,
  "exit_code": 0
}