{
  "contract": "dataset/reentrancy/0xcead721ef5b11f1a7b530171aab69b16c5e66b6e.sol",
  "tool": "conkas",
  "start": 1654008664.655609,
  "end": 1654008759.596394,
  "duration": 94.94078516960144,
  "exit_code": 0
}