{
  "contract": "dataset/unchecked_low_level_calls/0x19cf8481ea15427a98ba3cdd6d9e14690011ab10.sol",
  "tool": "oyente",
  "start": 1654181869.8058898,
  "end": 1654181902.8589015,
  "duration": 33.053011655807495,
  "exit_code": 1
}