{
  "contract": "dataset/arithmetic/integer_overflow_multitx_multifunc_feasible.sol",
  "tool": "osiris",
  "start": 1654180930.199391,
  "end": 1654180933.447475,
  "duration": 3.24808406829834,
  "exit_code": 0
}