{
  "contract": "dataset/unchecked_low_level_calls/0xdb1c55f6926e7d847ddf8678905ad871a68199d2.sol",
  "tool": "osiris",
  "start": 1654181189.611773,
  "end": 1654181229.158102,
  "duration": 39.54632902145386,
  "exit_code": 0
}