{
  "contract": "dataset/unchecked_low_level_calls/0xf70d589d76eebdd7c12cc5eec99f8f6fa4233b9e.sol",
  "tool": "slither",
  "start": 1654186435.763854,
  "end": 1654186447.0666287,
  "duration": 11.302774667739868,
  "exit_code": 10
}