{
  "contract": "dataset/unchecked_low_level_calls/0x610495793564aed0f9c7fc48dc4c7c9151d34fd6.sol",
  "tool": "conkas",
  "start": 1654106830.4673598,
  "end": 1654106846.118334,
  "duration": 15.65097427368164,
  "exit_code": 0
}