{
  "analysis": [],
  "contract": "dataset/reentrancy/0xf015c35649c82f5467c9c74b7f28ee67665aad68.sol",
  "duration": 20.611098051071167,
  "end": 1664452688.727264,
  "exit_code": 0,
  "start": 1664452668.1161659,
  "tool": "ccc"
}