{
  "contract": "dataset/unchecked_low_level_calls/0xbebbfe5b549f5db6e6c78ca97cac19d1fb03082c.sol",
  "tool": "maian",
  "start": 1654163588.718001,
  "end": 1654163752.0040243,
  "duration": 163.2860233783722,
  "exit_code": 0
}