{
  "contract": "dataset/reentrancy/0x7541b76cb60f4c60af330c208b0623b7f54bf615.sol",
  "tool": "honeybadger",
  "start": 1654003682.6759303,
  "end": 1654003899.6244323,
  "duration": 216.94850206375122,
  "exit_code": 0
}