{
  "analysis": [],
  "contract": "dataset/unchecked_low_level_calls/0xa46edd6a9a93feec36576ee5048146870ea2c3ae.sol",
  "duration": 11.800878047943115,
  "end": 1654186633.7500322,
  "exit_code": 0,
  "start": 1654186621.9491541,
  "tool": "solhint"
}