{
  "contract": "dataset/unchecked_low_level_calls/0xf70d589d76eebdd7c12cc5eec99f8f6fa4233b9e.sol",
  "tool": "osiris",
  "start": 1654181189.5385892,
  "end": 1654181233.8539832,
  "duration": 44.315393924713135,
  "exit_code": 0
}