{
  "contract": "dataset/time_manipulation/lottopollo.sol",
  "tool": "honeybadger",
  "start": 1654123370.313747,
  "end": 1654123374.4777508,
  "duration": 4.164003849029541,
  "exit_code": 0
}