{
  "contract": "dataset/unchecked_low_level_calls/0x2972d548497286d18e92b5fa1f8f9139e5653fd2.sol",
  "tool": "slither",
  "start": 1654186435.7629938,
  "end": 1654186441.553287,
  "duration": 5.790293216705322,
  "exit_code": 6
}