{
  "contract": "dataset/unchecked_low_level_calls/0x610495793564aed0f9c7fc48dc4c7c9151d34fd6.sol",
  "tool": "maian",
  "start": 1654163588.716901,
  "end": 1654163688.9666533,
  "duration": 100.24975228309631,
  "exit_code": 0
}