{
  "contract": "dataset/unchecked_low_level_calls/0x78c2a1e91b52bca4130b6ed9edd9fbcfd4671c37.sol",
  "tool": "oyente",
  "start": 1654181869.7567127,
  "end": 1654181877.134696,
  "duration": 7.377983331680298,
  "exit_code": 1
}