{
  "contract": "dataset/unchecked_low_level_calls/0xb620cee6b52f96f3c6b253e6eea556aa2d214a99.sol",
  "tool": "mythril",
  "start": 1654179708.2721968,
  "end": 1654179731.4591382,
  "duration": 23.186941385269165,
  "exit_code": 0
}