{
  "contract": "dataset/reentrancy/0xcead721ef5b11f1a7b530171aab69b16c5e66b6e.sol",
  "tool": "maian",
  "start": 1654004186.3148258,
  "end": 1654004347.7719476,
  "duration": 161.45712184906006,
  "exit_code": 0
}