{
  "analysis": {
    "is_lock_vulnerable": false,
    "is_prodigal_vulnerable": false,
    "is_suicidal_vulnerable": false
  },
  "contract": "dataset/reentrancy/0x7b368c4e805c3870b6c49a3f1f49f69af8662cf3.sol",
  "duration": 194.05996894836426,
  "end": 1654004380.3374872,
  "exit_code": 0,
  "start": 1654004186.2775183,
  "tool": "maian"
}