{
  "contract": "dataset/reentrancy/0x7b368c4e805c3870b6c49a3f1f49f69af8662cf3.sol",
  "tool": "maian",
  "start": 1654004186.2775183,
  "end": 1654004380.3374872,
  "duration": 194.05996894836426,
  "exit_code": 0
}