{
  "contract": "dataset/unchecked_low_level_calls/0xb11b2fed6c9354f7aa2f658d3b4d7b31d8a13b77.sol",
  "tool": "maian",
  "start": 1654163588.7024286,
  "end": 1654163758.2205832,
  "duration": 169.51815462112427,
  "exit_code": 0
}