{
  "contract": "dataset/unchecked_low_level_calls/0xb0510d68f210b7db66e8c7c814f22680f2b8d1d6.sol",
  "tool": "osiris",
  "start": 1654181189.6327689,
  "end": 1654181204.0174701,
  "duration": 14.384701251983643,
  "exit_code": 0
}