{
  "contract": "dataset/unchecked_low_level_calls/0xbebbfe5b549f5db6e6c78ca97cac19d1fb03082c.sol",
  "tool": "smartcheck",
  "start": 1654186542.9422712,
  "end": 1654186564.6640007,
  "duration": 21.721729516983032,
  "exit_code": 0
}