{
  "analysis": [],
  "contract": "dataset/front_running/eth_tx_order_dependence_minimal.sol",
  "duration": 2.312061071395874,
  "end": 1654186606.9337273,
  "exit_code": 0,
  "start": 1654186604.6216662,
  "tool": "solhint"
}