{
  "contract": "dataset/unchecked_low_level_calls/0x958a8f594101d2c0485a52319f29b2647f2ebc06.sol",
  "tool": "slither",
  "start": 1654186435.7642918,
  "end": 1654186451.4598186,
  "duration": 15.695526838302612,
  "exit_code": 22
}