{
  "contract": "dataset/reentrancy/0xb5e1b1ee15c6fa0e48fce100125569d430f1bd12.sol",
  "tool": "honeybadger",
  "start": 1654003682.689398,
  "end": 1654003893.8327065,
  "duration": 211.1433084011078,
  "exit_code": 0
}