{
  "contract": "dataset/unchecked_low_level_calls/0x4b71ad9c1a84b9b643aa54fdd66e2dec96e8b152.sol",
  "tool": "honeybadger",
  "start": 1654123404.1150708,
  "end": 1654123417.3638487,
  "duration": 13.248777866363525,
  "exit_code": 0
}