{
  "contract": "dataset/unchecked_low_level_calls/0x4051334adc52057aca763453820cb0e045076ef3.sol",
  "tool": "honeybadger",
  "start": 1654123404.0705786,
  "end": 1654123414.5117624,
  "duration": 10.441183805465698,
  "exit_code": 0
}