{
  "contract": "dataset/unchecked_low_level_calls/0x07f7ecb66d788ab01dc93b9b71a88401de7d0f2e.sol",
  "tool": "osiris",
  "start": 1654181189.6302614,
  "end": 1654181215.528808,
  "duration": 25.89854669570923,
  "exit_code": 0
}