{
  "contract": "dataset/arithmetic/integer_overflow_mapping_sym_1.sol",
  "tool": "mythril",
  "start": 1654177615.9967427,
  "end": 1654177620.892026,
  "duration": 4.895283222198486,
  "exit_code": 0
}