{
  "contract": "dataset/unchecked_low_level_calls/unchecked_return_value.sol",
  "tool": "honeybadger",
  "start": 1654123404.1030602,
  "end": 1654123416.9647796,
  "duration": 12.861719369888306,
  "exit_code": 0
}