{
  "contract": "dataset/unchecked_low_level_calls/0xb7c5c5aa4d42967efe906e1b66cb8df9cebf04f7.sol",
  "tool": "ccc",
  "start": 1664834682.062358,
  "end": 1664834702.9236422,
  "duration": 20.861284255981445,
  "exit_code": 0
}