{
  "contract": "dataset/unchecked_low_level_calls/0x4051334adc52057aca763453820cb0e045076ef3.sol",
  "tool": "smartcheck",
  "start": 1654186542.8342822,
  "end": 1654186552.7569191,
  "duration": 9.922636985778809,
  "exit_code": 0
}