{
  "contract": "dataset/unchecked_low_level_calls/0x4b71ad9c1a84b9b643aa54fdd66e2dec96e8b152.sol",
  "tool": "smartcheck",
  "start": 1654186542.91907,
  "end": 1654186556.1596186,
  "duration": 13.240548610687256,
  "exit_code": 0
}