{
  "contract": "dataset/reentrancy/0xaae1f51cf3339f18b6d3f3bdc75a5facd744b0b8.sol",
  "tool": "securify",
  "start": 1654007605.7734213,
  "end": 1654007950.7671196,
  "duration": 344.99369835853577,
  "exit_code": 0
}