{
  "contract": "dataset/arithmetic/overflow_simple_add.sol",
  "tool": "conkas",
  "start": 1654092831.837351,
  "end": 1654092837.9662833,
  "duration": 6.128932237625122,
  "exit_code": 0
}