{
  "contract": "dataset/reentrancy/0xb5e1b1ee15c6fa0e48fce100125569d430f1bd12.sol",
  "tool": "securify",
  "start": 1654007606.3740406,
  "end": 1654007928.9237669,
  "duration": 322.5497262477875,
  "exit_code": 0
}