{
  "contract": "dataset/unchecked_low_level_calls/0xb7c5c5aa4d42967efe906e1b66cb8df9cebf04f7.sol",
  "tool": "solhint",
  "start": 1654186621.8167207,
  "end": 1654186633.252971,
  "duration": 11.43625020980835,
  "exit_code": 0
}