{
  "contract": "dataset/unchecked_low_level_calls/0x78c2a1e91b52bca4130b6ed9edd9fbcfd4671c37.sol",
  "tool": "ccc",
  "start": 1664834498.040701,
  "end": 1664834520.3245099,
  "duration": 22.283808946609497,
  "exit_code": 0
}