{
  "contract": "dataset/unchecked_low_level_calls/0xb7c5c5aa4d42967efe906e1b66cb8df9cebf04f7.sol",
  "tool": "maian",
  "start": 1654163588.7440777,
  "end": 1654163698.6877944,
  "duration": 109.94371676445007,
  "exit_code": 0
}