{
  "contract": "dataset/reentrancy/0xb5e1b1ee15c6fa0e48fce100125569d430f1bd12.sol",
  "tool": "slither",
  "start": 1653999783.497608,
  "end": 1653999789.1329262,
  "duration": 5.635318279266357,
  "exit_code": 22
}