{
  "contract": "dataset/arithmetic/integer_overflow_multitx_onefunc_feasible.sol",
  "tool": "osiris",
  "start": 1654180930.6437116,
  "end": 1654180933.8565917,
  "duration": 3.2128801345825195,
  "exit_code": 0
}