{
  "contract": "dataset/bad_randomness/guess_the_random_number.sol",
  "tool": "slither",
  "start": 1654186399.9906898,
  "end": 1654186403.3082438,
  "duration": 3.317553997039795,
  "exit_code": 8
}