{
  "contract": "dataset/reentrancy/0x01f8c4e3fa3edeb29e514cba738d87ce8c091d3f.sol",
  "tool": "oyente",
  "start": 1654007545.402432,
  "end": 1654007554.4515092,
  "duration": 9.049077272415161,
  "exit_code": 1
}