{
  "contract": "dataset/unchecked_low_level_calls/0x3f2ef511aa6e75231e4deafc7a3d2ecab3741de2.sol",
  "tool": "ccc",
  "start": 1664835127.993025,
  "end": 1664835148.179623,
  "duration": 20.18659782409668,
  "exit_code": 0
}