{
  "contract": "dataset/unchecked_low_level_calls/0xbaa3de6504690efb064420d89e871c27065cdd52.sol",
  "tool": "slither",
  "start": 1654186435.7137036,
  "end": 1654186447.1100044,
  "duration": 11.396300792694092,
  "exit_code": 13
}