{
  "contract": "dataset/unchecked_low_level_calls/0xbebbfe5b549f5db6e6c78ca97cac19d1fb03082c.sol",
  "tool": "mythril",
  "start": 1654179708.4616747,
  "end": 1654179736.7528372,
  "duration": 28.291162490844727,
  "exit_code": 0
}