{
  "contract": "dataset/unchecked_low_level_calls/0x52d2e0f9b01101a59b38a3d05c80b7618aeed984.sol",
  "tool": "osiris",
  "start": 1654181189.4852562,
  "end": 1654181193.9795146,
  "duration": 4.494258403778076,
  "exit_code": 0
}