{
  "contract": "dataset/unchecked_low_level_calls/0x4b71ad9c1a84b9b643aa54fdd66e2dec96e8b152.sol",
  "tool": "conkas",
  "start": 1654106830.4062035,
  "end": 1654106840.0779922,
  "duration": 9.671788692474365,
  "exit_code": 0
}