{
  "contract": "dataset/reentrancy/0x01f8c4e3fa3edeb29e514cba738d87ce8c091d3f.sol",
  "tool": "securify",
  "start": 1654007606.0010984,
  "end": 1654007928.0740373,
  "duration": 322.0729389190674,
  "exit_code": 0
}