{
  "contract": "dataset/unchecked_low_level_calls/0xbaa3de6504690efb064420d89e871c27065cdd52.sol",
  "tool": "osiris",
  "start": 1654181189.6261282,
  "end": 1654181271.0878248,
  "duration": 81.46169662475586,
  "exit_code": 0
}