{
  "contract": "dataset/unchecked_low_level_calls/0x524960d55174d912768678d8c606b4d50b79d7b1.sol",
  "tool": "honeybadger",
  "start": 1654123404.16279,
  "end": 1654123412.1284907,
  "duration": 7.965700626373291,
  "exit_code": 0
}