{
  "contract": "dataset/unchecked_low_level_calls/0xa1fceeff3acc57d257b917e30c4df661401d6431.sol",
  "tool": "honeybadger",
  "start": 1654123404.0058758,
  "end": 1654123411.2814133,
  "duration": 7.275537490844727,
  "exit_code": 0
}