{
  "contract": "dataset/unchecked_low_level_calls/0x52d2e0f9b01101a59b38a3d05c80b7618aeed984.sol",
  "tool": "ccc",
  "start": 1664835086.139654,
  "end": 1664835107.346886,
  "duration": 21.207231998443604,
  "exit_code": 0
}