{
  "contract": "dataset/reentrancy/0x7b368c4e805c3870b6c49a3f1f49f69af8662cf3.sol",
  "tool": "osiris",
  "start": 1654007399.645989,
  "end": 1654007460.582611,
  "duration": 60.93662214279175,
  "exit_code": 0
}