{
  "contract": "dataset/unchecked_low_level_calls/0x524960d55174d912768678d8c606b4d50b79d7b1.sol",
  "tool": "osiris",
  "start": 1654181189.5366008,
  "end": 1654181194.9010954,
  "duration": 5.364494562149048,
  "exit_code": 0
}