{
  "contract": "dataset/access_control/wallet_04_confused_sign.sol",
  "tool": "manticore",
  "start": 1654164567.339937,
  "end": 1654164638.2051067,
  "duration": 70.86516976356506,
  "exit_code": 0
}