{
  "contract": "dataset/unchecked_low_level_calls/0x3e013fc32a54c4c5b6991ba539dcd0ec4355c859.sol",
  "tool": "mythril",
  "start": 1654179708.2949474,
  "end": 1654179726.915763,
  "duration": 18.62081551551819,
  "exit_code": 0
}