{
  "contract": "dataset/unchecked_low_level_calls/0xa46edd6a9a93feec36576ee5048146870ea2c3ae.sol",
  "tool": "osiris",
  "start": 1654181188.776769,
  "end": 1654181241.4503794,
  "duration": 52.67361044883728,
  "exit_code": 0
}