{
  "contract": "dataset/unchecked_low_level_calls/0xf29ebe930a539a60279ace72c707cba851a57707.sol",
  "tool": "mythril",
  "start": 1654179708.288158,
  "end": 1654179713.0026774,
  "duration": 4.714519500732422,
  "exit_code": 0
}