{
  "contract": "dataset/unchecked_low_level_calls/0x52d2e0f9b01101a59b38a3d05c80b7618aeed984.sol",
  "tool": "oyente",
  "start": 1654181869.8044262,
  "end": 1654181883.2216678,
  "duration": 13.41724157333374,
  "exit_code": 0
}