{
  "contract": "dataset/unchecked_low_level_calls/unchecked_return_value.sol",
  "tool": "oyente",
  "start": 1654181869.7276392,
  "end": 1654181873.1368184,
  "duration": 3.409179210662842,
  "exit_code": 0
}