{
  "contract": "dataset/bad_randomness/guess_the_random_number.sol",
  "tool": "honeybadger",
  "start": 1654122732.1758018,
  "end": 1654122735.3784046,
  "duration": 3.2026028633117676,
  "exit_code": 0
}