{
  "contract": "dataset/access_control/incorrect_constructor_name1.sol",
  "tool": "manticore",
  "start": 1654164567.3183131,
  "end": 1654164636.419421,
  "duration": 69.10110783576965,
  "exit_code": 0
}