{
  "contract": "dataset/unchecked_low_level_calls/0xe82f0742a71a02b9e9ffc142fdcb6eb1ed06fb87.sol",
  "tool": "osiris",
  "start": 1654181189.4891958,
  "end": 1654181230.2259085,
  "duration": 40.73671269416809,
  "exit_code": 0
}