{
  "contract": "dataset/reentrancy/0xf015c35649c82f5467c9c74b7f28ee67665aad68.sol",
  "tool": "smartcheck",
  "start": 1654008603.1093512,
  "end": 1654008615.5336835,
  "duration": 12.4243323802948,
  "exit_code": 0
}