{
  "contract": "dataset/unchecked_low_level_calls/0xf2570186500a46986f3139f65afedc2afe4f445d.sol",
  "tool": "mythril",
  "start": 1654179708.3969243,
  "end": 1654179717.3304136,
  "duration": 8.933489322662354,
  "exit_code": 0
}