{
  "contract": "dataset/reentrancy/reentrancy_simple.sol",
  "tool": "honeybadger",
  "start": 1654003682.6063774,
  "end": 1654003690.5079515,
  "duration": 7.90157413482666,
  "exit_code": 0
}