{
  "contract": "dataset/unchecked_low_level_calls/0x5aa88d2901c68fda244f1d0584400368d2c8e739.sol",
  "tool": "honeybadger",
  "start": 1654123404.1215816,
  "end": 1654123473.782095,
  "duration": 69.6605134010315,
  "exit_code": 0
}