{
  "contract": "dataset/unchecked_low_level_calls/0xb37f18af15bafb869a065b61fc83cfc44ed9cc27.sol",
  "tool": "honeybadger",
  "start": 1654123404.1059499,
  "end": 1654123414.1188786,
  "duration": 10.01292872428894,
  "exit_code": 0
}