{
  "contract": "dataset/arithmetic/integer_overflow_multitx_multifunc_feasible.sol",
  "tool": "conkas",
  "start": 1654092831.887741,
  "end": 1654092836.97028,
  "duration": 5.082538843154907,
  "exit_code": 0
}