{
  "contract": "dataset/reentrancy/0x7b368c4e805c3870b6c49a3f1f49f69af8662cf3.sol",
  "tool": "securify",
  "start": 1654007606.8760808,
  "end": 1654007916.054213,
  "duration": 309.1781322956085,
  "exit_code": 0
}