{
  "contract": "dataset/unchecked_low_level_calls/0xb11b2fed6c9354f7aa2f658d3b4d7b31d8a13b77.sol",
  "tool": "oyente",
  "start": 1654181869.7180924,
  "end": 1654181875.7118554,
  "duration": 5.993762969970703,
  "exit_code": 1
}