{
  "contract": "dataset/unchecked_low_level_calls/0xdb1c55f6926e7d847ddf8678905ad871a68199d2.sol",
  "tool": "oyente",
  "start": 1654181869.831993,
  "end": 1654181882.42191,
  "duration": 12.589916944503784,
  "exit_code": 1
}