{
  "contract": "dataset/reentrancy/0x627fa62ccbb1c1b04ffaecd72a53e37fc0e17839.sol",
  "tool": "ccc",
  "start": 1664454927.9104881,
  "end": 1664454951.45209,
  "duration": 23.54160189628601,
  "exit_code": 0
}