{
  "contract": "dataset/reentrancy/0x23a91059fdc9579a9fbd0edc5f2ea0bfdb70deb4.sol",
  "tool": "maian",
  "start": 1654004186.297497,
  "end": 1654004376.54473,
  "duration": 190.24723291397095,
  "exit_code": 0
}