{
  "contract": "dataset/unchecked_low_level_calls/0x610495793564aed0f9c7fc48dc4c7c9151d34fd6.sol",
  "tool": "osiris",
  "start": 1654181189.4962113,
  "end": 1654181237.713834,
  "duration": 48.21762275695801,
  "exit_code": 0
}