{
  "contract": "dataset/reentrancy/0xcead721ef5b11f1a7b530171aab69b16c5e66b6e.sol",
  "tool": "securify",
  "start": 1654007606.8299007,
  "end": 1654007951.6878886,
  "duration": 344.8579878807068,
  "exit_code": 0
}