{
  "contract": "dataset/unchecked_low_level_calls/0x07f7ecb66d788ab01dc93b9b71a88401de7d0f2e.sol",
  "tool": "slither",
  "start": 1654186435.7621932,
  "end": 1654186451.3263967,
  "duration": 15.56420350074768,
  "exit_code": 27
}