{
  "contract": "dataset/access_control/incorrect_constructor_name3.sol",
  "tool": "manticore",
  "start": 1654164567.3989232,
  "end": 1654164619.0072322,
  "duration": 51.60830903053284,
  "exit_code": 0
}