{
  "contract": "dataset/unchecked_low_level_calls/0x78c2a1e91b52bca4130b6ed9edd9fbcfd4671c37.sol",
  "tool": "honeybadger",
  "start": 1654123404.1281734,
  "end": 1654123473.8863704,
  "duration": 69.75819706916809,
  "exit_code": 0
}