{
  "analysis": [],
  "contract": "dataset/reentrancy/0x4320e6f8c05b27ab4707cd1f6d5ce6f3e4b3a5a1.sol",
  "duration": 9.957713842391968,
  "end": 1654082651.0699184,
  "exit_code": 0,
  "start": 1654082641.1122046,
  "tool": "solhint"
}