{
  "contract": "dataset/unchecked_low_level_calls/0x9d06cbafa865037a01d322d3f4222fa3e04e5488.sol",
  "tool": "oyente",
  "start": 1654181869.7591736,
  "end": 1654181875.8490746,
  "duration": 6.089900970458984,
  "exit_code": 1
}