{
  "contract": "dataset/arithmetic/integer_overflow_mul.sol",
  "tool": "securify",
  "start": 1654182411.387213,
  "end": 1654182422.1900687,
  "duration": 10.802855730056763,
  "exit_code": 0
}