{
  "contract": "dataset/bad_randomness/smart_billions.sol",
  "tool": "solhint",
  "start": 1654186593.1854198,
  "end": 1654186596.9536695,
  "duration": 3.768249750137329,
  "exit_code": 1
}