{
  "contract": "dataset/reentrancy/0x4320e6f8c05b27ab4707cd1f6d5ce6f3e4b3a5a1.sol",
  "tool": "conkas",
  "start": 1654008664.6959178,
  "end": 1654008764.7194438,
  "duration": 100.02352595329285,
  "exit_code": 0
}