{
  "contract": "dataset/unchecked_low_level_calls/0x78c2a1e91b52bca4130b6ed9edd9fbcfd4671c37.sol",
  "tool": "mythril",
  "start": 1654179708.2873037,
  "end": 1654179727.3512359,
  "duration": 19.063932180404663,
  "exit_code": 0
}