{
  "contract": "dataset/unchecked_low_level_calls/0x7d09edb07d23acb532a82be3da5c17d9d85806b4.sol",
  "tool": "ccc",
  "start": 1664835673.361662,
  "end": 1664835696.5530272,
  "duration": 23.191365242004395,
  "exit_code": 0
}