{
  "contract": "dataset/unchecked_low_level_calls/0x0cbe050f75bc8f8c2d6c0d249fea125fd6e1acc9.sol",
  "tool": "mythril",
  "start": 1654179708.3056102,
  "end": 1654179714.4669654,
  "duration": 6.161355257034302,
  "exit_code": 0
}