{
  "contract": "dataset/unchecked_low_level_calls/0x4b71ad9c1a84b9b643aa54fdd66e2dec96e8b152.sol",
  "tool": "osiris",
  "start": 1654181189.6204069,
  "end": 1654181246.1606154,
  "duration": 56.54020857810974,
  "exit_code": 0
}