{
  "analysis": {
    "is_lock_vulnerable": false,
    "is_prodigal_vulnerable": false,
    "is_suicidal_vulnerable": false
  },
  "contract": "dataset/unchecked_low_level_calls/0x84d9ec85c9c568eb332b7226a8f826d897e0a4a8.sol",
  "duration": 189.52391695976257,
  "end": 1654163778.2264094,
  "exit_code": 0,
  "start": 1654163588.7024925,
  "tool": "maian"
}