{
  "contract": "dataset/arithmetic/integer_overflow_mapping_sym_1.sol",
  "tool": "oyente",
  "start": 1654181749.906541,
  "end": 1654181753.1959217,
  "duration": 3.2893805503845215,
  "exit_code": 0
}