{
  "contract": "dataset/arithmetic/integer_overflow_add.sol",
  "tool": "honeybadger",
  "start": 1654122531.4981067,
  "end": 1654122534.378293,
  "duration": 2.8801863193511963,
  "exit_code": 0
}