{
  "contract": "dataset/unchecked_low_level_calls/0x8fd1e427396ddb511533cf9abdbebd0a7e08da35.sol",
  "tool": "solhint",
  "start": 1654186622.0327806,
  "end": 1654186635.9947798,
  "duration": 13.96199917793274,
  "exit_code": 0
}