{
  "contract": "dataset/unchecked_low_level_calls/0x4051334adc52057aca763453820cb0e045076ef3.sol",
  "tool": "oyente",
  "start": 1654181869.8379962,
  "end": 1654181883.021103,
  "duration": 13.183106660842896,
  "exit_code": 1
}