{
  "contract": "dataset/reentrancy/0x627fa62ccbb1c1b04ffaecd72a53e37fc0e17839.sol",
  "tool": "securify",
  "start": 1654007606.260882,
  "end": 1654007898.35261,
  "duration": 292.0917282104492,
  "exit_code": 0
}