{
  "contract": "dataset/reentrancy/0x96edbe868531bd23a6c05e9d0c424ea64fb1b78b.sol",
  "tool": "oyente",
  "start": 1654007545.392094,
  "end": 1654007557.5375905,
  "duration": 12.145496606826782,
  "exit_code": 1
}