{
  "analysis": [
    []
  ],
  "contract": "dataset/front_running/odds_and_evens.sol",
  "duration": 18.26630997657776,
  "end": 1654171810.022925,
  "exit_code": 0,
  "start": 1654171791.756615,
  "tool": "manticore"
}