{
  "contract": "dataset/arithmetic/integer_overflow_multitx_multifunc_feasible.sol",
  "tool": "oyente",
  "start": 1654181749.8797174,
  "end": 1654181752.9467068,
  "duration": 3.0669894218444824,
  "exit_code": 0
}