{
  "contract": "dataset/unchecked_low_level_calls/0x0cbe050f75bc8f8c2d6c0d249fea125fd6e1acc9.sol",
  "tool": "maian",
  "start": 1654163588.7468696,
  "end": 1654163697.3729618,
  "duration": 108.62609219551086,
  "exit_code": 0
}