{
  "contract": "dataset/reentrancy/0x627fa62ccbb1c1b04ffaecd72a53e37fc0e17839.sol",
  "tool": "conkas",
  "start": 1654008664.6406043,
  "end": 1654008671.6143618,
  "duration": 6.97375750541687,
  "exit_code": 0
}