{
  "contract": "dataset/arithmetic/insecure_transfer.sol",
  "tool": "maian",
  "start": 1654162138.4614651,
  "end": 1654162181.9393454,
  "duration": 43.477880239486694,
  "exit_code": 0
}