{
  "analysis": {
    "is_lock_vulnerable": false,
    "is_prodigal_vulnerable": false,
    "is_suicidal_vulnerable": false
  },
  "contract": "dataset/unchecked_low_level_calls/0xbaa3de6504690efb064420d89e871c27065cdd52.sol",
  "duration": 156.85227870941162,
  "end": 1654163745.6057966,
  "exit_code": 0,
  "start": 1654163588.7535179,
  "tool": "maian"
}