{
  "contract": "dataset/denial_of_service/dos_address.sol",
  "tool": "honeybadger",
  "start": 1654123022.4237006,
  "end": 1654123034.2195406,
  "duration": 11.79584002494812,
  "exit_code": 0
}