{
  "contract": "dataset/reentrancy/0xaae1f51cf3339f18b6d3f3bdc75a5facd744b0b8.sol",
  "tool": "slither",
  "start": 1653999783.6415937,
  "end": 1653999789.5803688,
  "duration": 5.938775062561035,
  "exit_code": 28
}