{
  "contract": "dataset/arithmetic/integer_overflow_1.sol",
  "tool": "mythril",
  "start": 1654177615.7902114,
  "end": 1654177620.4320917,
  "duration": 4.64188027381897,
  "exit_code": 0
}