{
  "contract": "dataset/reentrancy/0x7b368c4e805c3870b6c49a3f1f49f69af8662cf3.sol",
  "tool": "honeybadger",
  "start": 1654003682.7353323,
  "end": 1654003900.0765502,
  "duration": 217.34121799468994,
  "exit_code": 0
}