{
  "contract": "dataset/unchecked_low_level_calls/0xec329ffc97d75fe03428ae155fc7793431487f63.sol",
  "tool": "ccc",
  "start": 1664835913.850795,
  "end": 1664835935.885022,
  "duration": 22.034226894378662,
  "exit_code": 0
}