{
  "contract": "dataset/unchecked_low_level_calls/0x5aa88d2901c68fda244f1d0584400368d2c8e739.sol",
  "tool": "oyente",
  "start": 1654181869.7272599,
  "end": 1654181873.795607,
  "duration": 4.068347215652466,
  "exit_code": 1
}