{
  "contract": "dataset/access_control/incorrect_constructor_name1.sol",
  "tool": "mythril",
  "start": 1654177339.5836587,
  "end": 1654177342.85313,
  "duration": 3.2694714069366455,
  "exit_code": 0
}