{
  "contract": "dataset/reentrancy/0x561eac93c92360949ab1f1403323e6db345cbf31.sol",
  "tool": "smartcheck",
  "start": 1654008603.3779366,
  "end": 1654008614.592991,
  "duration": 11.215054512023926,
  "exit_code": 0
}