{
  "contract": "dataset/unchecked_low_level_calls/0xa46edd6a9a93feec36576ee5048146870ea2c3ae.sol",
  "tool": "maian",
  "start": 1654163588.7300322,
  "end": 1654163694.9058688,
  "duration": 106.17583656311035,
  "exit_code": 0
}