{
  "contract": "dataset/bad_randomness/etheraffle.sol",
  "tool": "mythril",
  "start": 1654177637.8464973,
  "end": 1654177774.5536466,
  "duration": 136.70714926719666,
  "exit_code": 0
}