{
  "contract": "dataset/front_running/eth_tx_order_dependence_minimal.sol",
  "tool": "honeybadger",
  "start": 1654123280.7591343,
  "end": 1654123285.2364898,
  "duration": 4.477355480194092,
  "exit_code": 0
}