{
  "contract": "dataset/access_control/rubixi.sol",
  "tool": "osiris",
  "start": 1654180874.6890867,
  "end": 1654180928.6927972,
  "duration": 54.00371050834656,
  "exit_code": 0
}