{
  "contract": "dataset/arithmetic/timelock.sol",
  "tool": "oyente",
  "start": 1654181750.0318189,
  "end": 1654181755.5142384,
  "duration": 5.482419490814209,
  "exit_code": 1
}