{
  "contract": "dataset/front_running/FindThisHash.sol",
  "tool": "oyente",
  "start": 1654181845.45859,
  "end": 1654181847.9861736,
  "duration": 2.527583599090576,
  "exit_code": 0
}