{
  "contract": "dataset/unchecked_low_level_calls/0x610495793564aed0f9c7fc48dc4c7c9151d34fd6.sol",
  "tool": "slither",
  "start": 1654186435.758633,
  "end": 1654186446.8032563,
  "duration": 11.044623374938965,
  "exit_code": 8
}