{
  "contract": "dataset/unchecked_low_level_calls/0x70f9eddb3931491aab1aeafbc1e7f1ca2a012db4.sol",
  "tool": "mythril",
  "start": 1654179708.4028003,
  "end": 1654179732.2022467,
  "duration": 23.79944634437561,
  "exit_code": 0
}