{
  "contract": "dataset/unchecked_low_level_calls/0xa46edd6a9a93feec36576ee5048146870ea2c3ae.sol",
  "tool": "conkas",
  "start": 1654106830.2743022,
  "end": 1654106839.3683648,
  "duration": 9.094062566757202,
  "exit_code": 0
}