{
  "contract": "dataset/reentrancy/spank_chain_payment.sol",
  "tool": "conkas",
  "start": 1654008664.670708,
  "end": 1654008900.0879457,
  "duration": 235.41723775863647,
  "exit_code": 0
}