{
  "contract": "dataset/reentrancy/0x7a8721a9d64c74da899424c1b52acbf58ddc9782.sol",
  "tool": "oyente",
  "start": 1654007545.396163,
  "end": 1654007554.080037,
  "duration": 8.683874130249023,
  "exit_code": 1
}