{
  "contract": "dataset/access_control/FibonacciBalance.sol",
  "tool": "oyente",
  "start": 1654181737.2496202,
  "end": 1654181747.1917877,
  "duration": 9.942167520523071,
  "exit_code": 0
}