{
  "contract": "dataset/reentrancy/0xf015c35649c82f5467c9c74b7f28ee67665aad68.sol",
  "tool": "honeybadger",
  "start": 1654003682.7335212,
  "end": 1654003897.1229038,
  "duration": 214.3893826007843,
  "exit_code": 0
}