{
  "contract": "dataset/reentrancy/0xb5e1b1ee15c6fa0e48fce100125569d430f1bd12.sol",
  "tool": "osiris",
  "start": 1654007399.6624882,
  "end": 1654007460.4013019,
  "duration": 60.738813638687134,
  "exit_code": 0
}