{
  "contract": "dataset/arithmetic/integer_overflow_benign_1.sol",
  "tool": "slither",
  "start": 1654186391.4092817,
  "end": 1654186395.7341619,
  "duration": 4.324880123138428,
  "exit_code": 3
}