{
  "analysis": [],
  "contract": "dataset/reentrancy/0xcead721ef5b11f1a7b530171aab69b16c5e66b6e.sol",
  "duration": 8.597744226455688,
  "end": 1654082649.944436,
  "exit_code": 0,
  "start": 1654082641.3466918,
  "tool": "solhint"
}