{
  "contract": "dataset/arithmetic/overflow_simple_add.sol",
  "tool": "honeybadger",
  "start": 1654122531.564312,
  "end": 1654122535.9015083,
  "duration": 4.337196350097656,
  "exit_code": 0
}