{
  "contract": "dataset/unchecked_low_level_calls/0xe4eabdca81e31d9acbc4af76b30f532b6ed7f3bf.sol",
  "tool": "maian",
  "start": 1654163588.738038,
  "end": 1654163698.5725706,
  "duration": 109.83453249931335,
  "exit_code": 0
}