{
  "contract": "dataset/unchecked_low_level_calls/0x3e013fc32a54c4c5b6991ba539dcd0ec4355c859.sol",
  "tool": "slither",
  "start": 1654186435.5903292,
  "end": 1654186450.4663565,
  "duration": 14.876027345657349,
  "exit_code": 8
}