{
  "contract": "dataset/reentrancy/reentrancy_insecure.sol",
  "tool": "solhint",
  "start": 1654082641.4633973,
  "end": 1654082645.489746,
  "duration": 4.026348829269409,
  "exit_code": 1
}