{
  "contract": "dataset/unchecked_low_level_calls/0xb11b2fed6c9354f7aa2f658d3b4d7b31d8a13b77.sol",
  "tool": "smartcheck",
  "start": 1654186542.8473575,
  "end": 1654186553.4497051,
  "duration": 10.602347612380981,
  "exit_code": 0
}