{
  "contract": "dataset/unchecked_low_level_calls/0xe4eabdca81e31d9acbc4af76b30f532b6ed7f3bf.sol",
  "tool": "mythril",
  "start": 1654179708.426709,
  "end": 1654179735.4221973,
  "duration": 26.99548840522766,
  "exit_code": 0
}