{
  "contract": "dataset/unchecked_low_level_calls/0x4b71ad9c1a84b9b643aa54fdd66e2dec96e8b152.sol",
  "tool": "securify",
  "start": 1654245072.9049041,
  "end": 1654245472.6278045,
  "duration": 399.722900390625,
  "exit_code": 0
}