{
  "contract": "dataset/front_running/ERC20.sol",
  "tool": "osiris",
  "start": 1654181119.9413915,
  "end": 1654181123.4748998,
  "duration": 3.53350830078125,
  "exit_code": 0
}