{
  "contract": "dataset/unchecked_low_level_calls/0xbebbfe5b549f5db6e6c78ca97cac19d1fb03082c.sol",
  "tool": "oyente",
  "start": 1654181869.7990773,
  "end": 1654181880.9565122,
  "duration": 11.157434940338135,
  "exit_code": 1
}