{
  "contract": "dataset/unchecked_low_level_calls/0xd2018bfaa266a9ec0a1a84b061640faa009def76.sol",
  "tool": "honeybadger",
  "start": 1654123404.1294904,
  "end": 1654123478.5925395,
  "duration": 74.4630491733551,
  "exit_code": 0
}