{
  "contract": "dataset/unchecked_low_level_calls/0xd2018bfaa266a9ec0a1a84b061640faa009def76.sol",
  "tool": "conkas",
  "start": 1654106830.435136,
  "end": 1654106843.732625,
  "duration": 13.297488927841187,
  "exit_code": 0
}