{
  "contract": "dataset/unchecked_low_level_calls/0x89c1b3807d4c67df034fffb62f3509561218d30b.sol",
  "tool": "oyente",
  "start": 1654181869.7613318,
  "end": 1654181881.3620358,
  "duration": 11.600703954696655,
  "exit_code": 1
}