{
  "contract": "dataset/unchecked_low_level_calls/0xe4eabdca81e31d9acbc4af76b30f532b6ed7f3bf.sol",
  "tool": "slither",
  "start": 1654186435.7478907,
  "end": 1654186450.8534863,
  "duration": 15.105595588684082,
  "exit_code": 10
}