{
  "contract": "dataset/access_control/phishable.sol",
  "tool": "honeybadger",
  "start": 1654122266.462472,
  "end": 1654122270.954696,
  "duration": 4.4922239780426025,
  "exit_code": 0
}