{
  "analysis": [],
  "contract": "dataset/reentrancy/0xb5e1b1ee15c6fa0e48fce100125569d430f1bd12.sol",
  "duration": 5.407325029373169,
  "end": 1654082646.8112993,
  "exit_code": 0,
  "start": 1654082641.4039743,
  "tool": "solhint"
}