{
  "contract": "dataset/unchecked_low_level_calls/0xa46edd6a9a93feec36576ee5048146870ea2c3ae.sol",
  "tool": "oyente",
  "start": 1654181869.7988935,
  "end": 1654181882.6125314,
  "duration": 12.813637971878052,
  "exit_code": 1
}