{
  "contract": "dataset/reentrancy/0xaae1f51cf3339f18b6d3f3bdc75a5facd744b0b8.sol",
  "tool": "smartcheck",
  "start": 1654008603.3374712,
  "end": 1654008613.4441762,
  "duration": 10.106704950332642,
  "exit_code": 0
}