{
  "contract": "dataset/unchecked_low_level_calls/0xa1fceeff3acc57d257b917e30c4df661401d6431.sol",
  "tool": "oyente",
  "start": 1654181869.736151,
  "end": 1654181873.240629,
  "duration": 3.5044779777526855,
  "exit_code": 1
}