{
  "contract": "dataset/unchecked_low_level_calls/0x2972d548497286d18e92b5fa1f8f9139e5653fd2.sol",
  "tool": "smartcheck",
  "start": 1654186542.9219058,
  "end": 1654186556.7516866,
  "duration": 13.82978081703186,
  "exit_code": 0
}