{
  "contract": "dataset/unchecked_low_level_calls/0xe09b1ab8111c2729a76f16de96bc86a7af837928.sol",
  "tool": "oyente",
  "start": 1654181869.8407378,
  "end": 1654181892.2616796,
  "duration": 22.420941829681396,
  "exit_code": 1
}