{
  "contract": "dataset/unchecked_low_level_calls/0x39cfd754c85023648bf003bea2dd498c5612abfa.sol",
  "tool": "oyente",
  "start": 1654181869.8319972,
  "end": 1654181883.954823,
  "duration": 14.122825860977173,
  "exit_code": 0
}