{
  "contract": "dataset/reentrancy/0x7541b76cb60f4c60af330c208b0623b7f54bf615.sol",
  "tool": "securify",
  "start": 1654007606.6756268,
  "end": 1654007916.052708,
  "duration": 309.377081155777,
  "exit_code": 0
}