{
  "contract": "dataset/reentrancy/0x4e73b32ed6c35f570686b89848e5f39f20ecc106.sol",
  "tool": "maian",
  "start": 1654004186.2820916,
  "end": 1654004375.3633137,
  "duration": 189.08122205734253,
  "exit_code": 0
}