{
  "contract": "dataset/reentrancy/0xcead721ef5b11f1a7b530171aab69b16c5e66b6e.sol",
  "tool": "ccc",
  "start": 1664450613.5174289,
  "end": 1664450634.1573231,
  "duration": 20.639894247055054,
  "exit_code": 0
}