{
  "contract": "dataset/reentrancy/reentrancy_dao.sol",
  "tool": "mythril",
  "start": 1654006855.1056142,
  "end": 1654006862.5325975,
  "duration": 7.42698335647583,
  "exit_code": 0
}