{
  "contract": "dataset/unchecked_low_level_calls/0x3f2ef511aa6e75231e4deafc7a3d2ecab3741de2.sol",
  "tool": "smartcheck",
  "start": 1654186542.8234522,
  "end": 1654186551.3530703,
  "duration": 8.52961802482605,
  "exit_code": 0
}