{
  "contract": "dataset/unchecked_low_level_calls/0x958a8f594101d2c0485a52319f29b2647f2ebc06.sol",
  "tool": "oyente",
  "start": 1654181869.8050196,
  "end": 1654181886.7020404,
  "duration": 16.89702081680298,
  "exit_code": 1
}