{
  "contract": "dataset/unchecked_low_level_calls/0x2972d548497286d18e92b5fa1f8f9139e5653fd2.sol",
  "tool": "securify",
  "start": 1654245073.0477467,
  "end": 1654245940.3766108,
  "duration": 867.3288640975952,
  "exit_code": 0
}