{
  "analysis": {
    "is_lock_vulnerable": false,
    "is_prodigal_vulnerable": false,
    "is_suicidal_vulnerable": false
  },
  "contract": "dataset/reentrancy/0x7a8721a9d64c74da899424c1b52acbf58ddc9782.sol",
  "duration": 178.1420180797577,
  "end": 1654004364.4577777,
  "exit_code": 0,
  "start": 1654004186.3157597,
  "tool": "maian"
}