{
  "contract": "dataset/unchecked_low_level_calls/0x0cbe050f75bc8f8c2d6c0d249fea125fd6e1acc9.sol",
  "tool": "honeybadger",
  "start": 1654123404.071362,
  "end": 1654123410.5607922,
  "duration": 6.48943018913269,
  "exit_code": 0
}