{
  "contract": "dataset/unchecked_low_level_calls/0x39cfd754c85023648bf003bea2dd498c5612abfa.sol",
  "tool": "honeybadger",
  "start": 1654123404.0570061,
  "end": 1654123413.940377,
  "duration": 9.883370876312256,
  "exit_code": 0
}