{
  "contract": "dataset/unchecked_low_level_calls/0xa46edd6a9a93feec36576ee5048146870ea2c3ae.sol",
  "tool": "ccc",
  "start": 1664834897.262462,
  "end": 1664834917.1201532,
  "duration": 19.857691287994385,
  "exit_code": 0
}