{
  "contract": "dataset/unchecked_low_level_calls/0xf2570186500a46986f3139f65afedc2afe4f445d.sol",
  "tool": "slither",
  "start": 1654186435.6606855,
  "end": 1654186443.7242365,
  "duration": 8.06355094909668,
  "exit_code": 6
}