{
  "contract": "dataset/reentrancy/0x01f8c4e3fa3edeb29e514cba738d87ce8c091d3f.sol",
  "tool": "maian",
  "start": 1654004186.3438501,
  "end": 1654004375.7301755,
  "duration": 189.38632535934448,
  "exit_code": 0
}