{
  "analysis": [
    []
  ],
  "contract": "dataset/unchecked_low_level_calls/0xf29ebe930a539a60279ace72c707cba851a57707.sol",
  "duration": 132.9102919101715,
  "end": 1654175628.261133,
  "exit_code": 0,
  "start": 1654175495.350841,
  "tool": "manticore"
}