{
  "contract": "dataset/arithmetic/integer_overflow_benign_1.sol",
  "tool": "mythril",
  "start": 1654177615.5882187,
  "end": 1654177620.2484272,
  "duration": 4.660208463668823,
  "exit_code": 0
}