{
  "contract": "dataset/reentrancy/0x7541b76cb60f4c60af330c208b0623b7f54bf615.sol",
  "tool": "oyente",
  "start": 1654007545.194894,
  "end": 1654007552.6317966,
  "duration": 7.4369025230407715,
  "exit_code": 1
}