{
  "contract": "dataset/unchecked_low_level_calls/0xec329ffc97d75fe03428ae155fc7793431487f63.sol",
  "tool": "honeybadger",
  "start": 1654123404.0705955,
  "end": 1654123678.1839771,
  "duration": 274.1133816242218,
  "exit_code": 0
}