{
  "contract": "dataset/arithmetic/integer_overflow_minimal.sol",
  "tool": "smartcheck",
  "start": 1654186490.31813,
  "end": 1654186497.054911,
  "duration": 6.736780881881714,
  "exit_code": 0
}