{
  "contract": "dataset/unchecked_low_level_calls/0x52d2e0f9b01101a59b38a3d05c80b7618aeed984.sol",
  "tool": "securify",
  "start": 1654245073.0460083,
  "end": 1654245474.9407496,
  "duration": 401.8947412967682,
  "exit_code": 0
}