{
  "contract": "dataset/reentrancy/0x96edbe868531bd23a6c05e9d0c424ea64fb1b78b.sol",
  "tool": "maian",
  "start": 1654004185.5694509,
  "end": 1654004368.8068027,
  "duration": 183.23735189437866,
  "exit_code": 0
}