{
  "contract": "dataset/unchecked_low_level_calls/lotto.sol",
  "tool": "solhint",
  "start": 1654186621.9544017,
  "end": 1654186630.92896,
  "duration": 8.974558353424072,
  "exit_code": 1
}