{
  "contract": "dataset/unchecked_low_level_calls/0x3f2ef511aa6e75231e4deafc7a3d2ecab3741de2.sol",
  "tool": "maian",
  "start": 1654163588.6531754,
  "end": 1654163692.7046025,
  "duration": 104.05142712593079,
  "exit_code": 0
}