{
  "contract": "dataset/unchecked_low_level_calls/0xdb1c55f6926e7d847ddf8678905ad871a68199d2.sol",
  "tool": "ccc",
  "start": 1664835168.231084,
  "end": 1664835189.933166,
  "duration": 21.70208191871643,
  "exit_code": 0
}