{
  "analysis": {
    "is_lock_vulnerable": false,
    "is_prodigal_vulnerable": false,
    "is_suicidal_vulnerable": false
  },
  "contract": "dataset/reentrancy/0xbe4041d55db380c5ae9d4a9b9703f1ed4e7e3888.sol",
  "duration": 198.5422604084015,
  "end": 1654004384.376364,
  "exit_code": 0,
  "start": 1654004185.8341036,
  "tool": "maian"
}