{
  "contract": "dataset/bad_randomness/blackjack.sol",
  "tool": "securify",
  "start": 1654182775.4804878,
  "end": 1654183293.8689885,
  "duration": 518.3885006904602,
  "exit_code": 0
}