{
  "contract": "dataset/reentrancy/0x23a91059fdc9579a9fbd0edc5f2ea0bfdb70deb4.sol",
  "tool": "securify",
  "start": 1654007606.7268643,
  "end": 1654007956.8771245,
  "duration": 350.15026021003723,
  "exit_code": 0
}