{
  "contract": "dataset/reentrancy/0xf015c35649c82f5467c9c74b7f28ee67665aad68.sol",
  "tool": "oyente",
  "start": 1654007545.421349,
  "end": 1654007554.9676251,
  "duration": 9.546276092529297,
  "exit_code": 1
}