{
  "contract": "dataset/arithmetic/integer_overflow_mul.sol",
  "tool": "manticore",
  "start": 1654166375.099353,
  "end": 1654166407.5639231,
  "duration": 32.46457004547119,
  "exit_code": 0
}