{
  "contract": "dataset/unchecked_low_level_calls/0xd2018bfaa266a9ec0a1a84b061640faa009def76.sol",
  "tool": "ccc",
  "start": 1664835759.2058392,
  "end": 1664835780.0440562,
  "duration": 20.83821702003479,
  "exit_code": 0
}