{
  "analysis": [],
  "contract": "dataset/reentrancy/0x4e73b32ed6c35f570686b89848e5f39f20ecc106.sol",
  "duration": 4.845431566238403,
  "end": 1654082645.8927245,
  "exit_code": 0,
  "start": 1654082641.047293,
  "tool": "solhint"
}