{
  "contract": "dataset/unchecked_low_level_calls/0xb620cee6b52f96f3c6b253e6eea556aa2d214a99.sol",
  "tool": "slither",
  "start": 1654186435.759056,
  "end": 1654186446.5420442,
  "duration": 10.78298807144165,
  "exit_code": 29
}