{
  "contract": "dataset/reentrancy/0x4e73b32ed6c35f570686b89848e5f39f20ecc106.sol",
  "tool": "osiris",
  "start": 1654007399.6475236,
  "end": 1654007464.698987,
  "duration": 65.05146336555481,
  "exit_code": 0
}