{
  "contract": "dataset/unchecked_low_level_calls/0x4b71ad9c1a84b9b643aa54fdd66e2dec96e8b152.sol",
  "tool": "maian",
  "start": 1654163588.6064641,
  "end": 1654163682.8824337,
  "duration": 94.27596950531006,
  "exit_code": 0
}