{
  "contract": "dataset/unchecked_low_level_calls/0x7d09edb07d23acb532a82be3da5c17d9d85806b4.sol",
  "tool": "mythril",
  "start": 1654179708.3874218,
  "end": 1654179807.017602,
  "duration": 98.63018012046814,
  "exit_code": 0
}