{
  "analysis": [],
  "contract": "dataset/unchecked_low_level_calls/0xf29ebe930a539a60279ace72c707cba851a57707.sol",
  "duration": 8.658976078033447,
  "end": 1654186630.4716432,
  "exit_code": 0,
  "start": 1654186621.8126671,
  "tool": "solhint"
}