{
  "contract": "dataset/unchecked_low_level_calls/0x3e013fc32a54c4c5b6991ba539dcd0ec4355c859.sol",
  "tool": "smartcheck",
  "start": 1654186542.8584952,
  "end": 1654186552.8350503,
  "duration": 9.976555109024048,
  "exit_code": 0
}