{
  "contract": "dataset/unchecked_low_level_calls/0x663e4229142a27f00bafb5d087e1e730648314c3.sol",
  "tool": "osiris",
  "start": 1654181189.2857273,
  "end": 1654181702.0735168,
  "duration": 512.7877895832062,
  "exit_code": 0
}