{
  "contract": "dataset/arithmetic/insecure_transfer.sol",
  "tool": "honeybadger",
  "start": 1654122531.5655966,
  "end": 1654122535.6149795,
  "duration": 4.049382925033569,
  "exit_code": 0
}