{
  "contract": "dataset/time_manipulation/timed_crowdsale.sol",
  "tool": "oyente",
  "start": 1654181864.4505594,
  "end": 1654181867.0901518,
  "duration": 2.639592409133911,
  "exit_code": 0
}