{
  "contract": "dataset/unchecked_low_level_calls/0xb11b2fed6c9354f7aa2f658d3b4d7b31d8a13b77.sol",
  "tool": "solhint",
  "start": 1654186622.248584,
  "end": 1654186635.6928313,
  "duration": 13.444247245788574,
  "exit_code": 1
}