{
  "contract": "dataset/arithmetic/integer_overflow_multitx_multifunc_feasible.sol",
  "tool": "maian",
  "start": 1654162138.3264496,
  "end": 1654162194.011886,
  "duration": 55.6854362487793,
  "exit_code": 0
}