{
  "contract": "dataset/unchecked_low_level_calls/0xbebbfe5b549f5db6e6c78ca97cac19d1fb03082c.sol",
  "tool": "conkas",
  "start": 1654106830.4287899,
  "end": 1654106858.7906282,
  "duration": 28.361838340759277,
  "exit_code": 0
}