{
  "contract": "dataset/access_control/incorrect_constructor_name2.sol",
  "tool": "honeybadger",
  "start": 1654122266.4812105,
  "end": 1654122270.875786,
  "duration": 4.394575595855713,
  "exit_code": 0
}