{
  "contract": "dataset/unchecked_low_level_calls/0x39cfd754c85023648bf003bea2dd498c5612abfa.sol",
  "tool": "maian",
  "start": 1654163588.6262996,
  "end": 1654163797.245299,
  "duration": 208.61899948120117,
  "exit_code": 0
}