{
  "contract": "dataset/unchecked_low_level_calls/0x610495793564aed0f9c7fc48dc4c7c9151d34fd6.sol",
  "tool": "mythril",
  "start": 1654179707.9925716,
  "end": 1654179729.6947412,
  "duration": 21.70216965675354,
  "exit_code": 0
}