{
  "contract": "dataset/unchecked_low_level_calls/0x7d09edb07d23acb532a82be3da5c17d9d85806b4.sol",
  "tool": "slither",
  "start": 1654186435.4960878,
  "end": 1654186439.4441864,
  "duration": 3.948098659515381,
  "exit_code": 27
}