{
  "contract": "dataset/unchecked_low_level_calls/0xb0510d68f210b7db66e8c7c814f22680f2b8d1d6.sol",
  "tool": "conkas",
  "start": 1654247629.2246337,
  "end": 1654247634.5969236,
  "duration": 5.3722898960113525,
  "exit_code": 0
}