{
  "analysis": [
    []
  ],
  "contract": "dataset/bad_randomness/lucky_doubler.sol",
  "duration": 694.5609924793243,
  "end": 1654168875.2647417,
  "exit_code": 0,
  "start": 1654168180.7037492,
  "tool": "manticore"
}