{
  "contract": "dataset/unchecked_low_level_calls/0xf2570186500a46986f3139f65afedc2afe4f445d.sol",
  "tool": "solhint",
  "start": 1654186621.8587565,
  "end": 1654186626.1950395,
  "duration": 4.336282968521118,
  "exit_code": 0
}