{
  "contract": "dataset/time_manipulation/governmental_survey.sol",
  "tool": "honeybadger",
  "start": 1654123370.5459695,
  "end": 1654123377.8523629,
  "duration": 7.306393384933472,
  "exit_code": 0
}