{
  "contract": "dataset/unchecked_low_level_calls/0x7d09edb07d23acb532a82be3da5c17d9d85806b4.sol",
  "tool": "osiris",
  "start": 1654181189.5321248,
  "end": 1654181214.9424658,
  "duration": 25.410341024398804,
  "exit_code": 0
}