{
  "contract": "dataset/unchecked_low_level_calls/king_of_the_ether_throne.sol",
  "tool": "solhint",
  "start": 1654186622.1793263,
  "end": 1654186631.786322,
  "duration": 9.606995820999146,
  "exit_code": 0
}