{
  "contract": "dataset/reentrancy/0x93c32845fae42c83a70e5f06214c8433665c2ab5.sol",
  "tool": "solhint",
  "start": 1654082641.1999874,
  "end": 1654082651.1624527,
  "duration": 9.962465286254883,
  "exit_code": 0
}