{
  "contract": "dataset/reentrancy/0x96edbe868531bd23a6c05e9d0c424ea64fb1b78b.sol",
  "tool": "smartcheck",
  "start": 1654008603.4527938,
  "end": 1654008614.378152,
  "duration": 10.925358057022095,
  "exit_code": 0
}