{
  "contract": "dataset/unchecked_low_level_calls/0x78c2a1e91b52bca4130b6ed9edd9fbcfd4671c37.sol",
  "tool": "slither",
  "start": 1654186435.7360482,
  "end": 1654186445.7355149,
  "duration": 9.99946665763855,
  "exit_code": 10
}