{
  "contract": "dataset/unchecked_low_level_calls/king_of_the_ether_throne.sol",
  "tool": "osiris",
  "start": 1654181189.0940251,
  "end": 1654181241.799828,
  "duration": 52.70580291748047,
  "exit_code": 0
}