{
  "contract": "dataset/unchecked_low_level_calls/0xe82f0742a71a02b9e9ffc142fdcb6eb1ed06fb87.sol",
  "tool": "oyente",
  "start": 1654181869.8161507,
  "end": 1654181883.3374317,
  "duration": 13.521281003952026,
  "exit_code": 1
}