{
  "contract": "dataset/unchecked_low_level_calls/0xd5967fed03e85d1cce44cab284695b41bc675b5c.sol",
  "tool": "ccc",
  "start": 1664835295.958532,
  "end": 1664835315.8624241,
  "duration": 19.903892040252686,
  "exit_code": 0
}