{
  "contract": "dataset/reentrancy/0x7b368c4e805c3870b6c49a3f1f49f69af8662cf3.sol",
  "tool": "slither",
  "start": 1653999783.2946968,
  "end": 1653999790.7882571,
  "duration": 7.493560314178467,
  "exit_code": 21
}