{
  "contract": "dataset/unchecked_low_level_calls/0x3e013fc32a54c4c5b6991ba539dcd0ec4355c859.sol",
  "tool": "osiris",
  "start": 1654181189.6340935,
  "end": 1654181242.0981328,
  "duration": 52.46403932571411,
  "exit_code": 0
}