{
  "contract": "dataset/reentrancy/0xbe4041d55db380c5ae9d4a9b9703f1ed4e7e3888.sol",
  "tool": "securify",
  "start": 1654007606.3251424,
  "end": 1654007958.7666059,
  "duration": 352.441463470459,
  "exit_code": 0
}