{
  "contract": "dataset/unchecked_low_level_calls/0xe894d54dca59cb53fe9cbc5155093605c7068220.sol",
  "tool": "smartcheck",
  "start": 1654186542.9383528,
  "end": 1654186563.7126362,
  "duration": 20.774283409118652,
  "exit_code": 0
}