{
  "contract": "dataset/unchecked_low_level_calls/0x4051334adc52057aca763453820cb0e045076ef3.sol",
  "tool": "osiris",
  "start": 1654181189.6247103,
  "end": 1654181244.292396,
  "duration": 54.667685747146606,
  "exit_code": 0
}