{
  "contract": "dataset/unchecked_low_level_calls/0x52d2e0f9b01101a59b38a3d05c80b7618aeed984.sol",
  "tool": "mythril",
  "start": 1654179708.4148123,
  "end": 1654179724.0850837,
  "duration": 15.670271396636963,
  "exit_code": 0
}