{
  "contract": "dataset/reentrancy/reentrance.sol",
  "tool": "conkas",
  "start": 1654008664.160844,
  "end": 1654008669.4408998,
  "duration": 5.28005576133728,
  "exit_code": 0
}