{
  "contract": "dataset/unchecked_low_level_calls/0x70f9eddb3931491aab1aeafbc1e7f1ca2a012db4.sol",
  "tool": "maian",
  "start": 1654163588.65969,
  "end": 1654163687.3681111,
  "duration": 98.70842123031616,
  "exit_code": 0
}