{
  "contract": "dataset/reentrancy/0x7541b76cb60f4c60af330c208b0623b7f54bf615.sol",
  "tool": "mythril",
  "start": 1654006855.2626984,
  "end": 1654006875.8005714,
  "duration": 20.537873029708862,
  "exit_code": 0
}