{
  "contract": "dataset/unchecked_low_level_calls/0x84d9ec85c9c568eb332b7226a8f826d897e0a4a8.sol",
  "tool": "osiris",
  "start": 1654181189.5170696,
  "end": 1654181285.065352,
  "duration": 95.54828238487244,
  "exit_code": 0
}