{
  "contract": "dataset/unchecked_low_level_calls/0xa1fceeff3acc57d257b917e30c4df661401d6431.sol",
  "tool": "mythril",
  "start": 1654179708.411307,
  "end": 1654179743.8511252,
  "duration": 35.439818143844604,
  "exit_code": 0
}