{
  "contract": "dataset/access_control/incorrect_constructor_name3.sol",
  "tool": "securify",
  "start": 1654182041.3664906,
  "end": 1654182058.3819783,
  "duration": 17.015487670898438,
  "exit_code": 0
}