{
  "contract": "dataset/reentrancy/0x941d225236464a25eb18076df7da6a91d0f95e9e.sol",
  "tool": "honeybadger",
  "start": 1654003682.708709,
  "end": 1654003889.0433104,
  "duration": 206.33460140228271,
  "exit_code": 0
}