{
  "contract": "dataset/arithmetic/insecure_transfer.sol",
  "tool": "mythril",
  "start": 1654177615.9819467,
  "end": 1654177621.270086,
  "duration": 5.288139343261719,
  "exit_code": 0
}