{
  "contract": "dataset/unchecked_low_level_calls/0xec329ffc97d75fe03428ae155fc7793431487f63.sol",
  "tool": "oyente",
  "start": 1654181869.7673695,
  "end": 1654181883.1190543,
  "duration": 13.351684808731079,
  "exit_code": 1
}