{
  "contract": "dataset/reentrancy/0xb5e1b1ee15c6fa0e48fce100125569d430f1bd12.sol",
  "tool": "smartcheck",
  "start": 1654008603.4378374,
  "end": 1654008615.0312173,
  "duration": 11.593379974365234,
  "exit_code": 0
}