{
  "contract": "dataset/unchecked_low_level_calls/0xbaa3de6504690efb064420d89e871c27065cdd52.sol",
  "tool": "oyente",
  "start": 1654181869.800724,
  "end": 1654181878.8401563,
  "duration": 9.039432287216187,
  "exit_code": 1
}