{
  "analysis": [
    []
  ],
  "contract": "dataset/access_control/unprotected0.sol",
  "duration": 10.992769002914429,
  "end": 1654164578.3857777,
  "exit_code": 0,
  "start": 1654164567.3930087,
  "tool": "manticore"
}