{
  "contract": "dataset/access_control/unprotected0.sol",
  "tool": "manticore",
  "start": 1654164567.3930087,
  "end": 1654164578.3857777,
  "duration": 10.992769002914429,
  "exit_code": 0
}