{
  "contract": "dataset/unchecked_low_level_calls/0x2972d548497286d18e92b5fa1f8f9139e5653fd2.sol",
  "tool": "oyente",
  "start": 1654181869.7281241,
  "end": 1654181873.0170627,
  "duration": 3.288938522338867,
  "exit_code": 1
}