{
  "contract": "dataset/unchecked_low_level_calls/0x9d06cbafa865037a01d322d3f4222fa3e04e5488.sol",
  "tool": "maian",
  "start": 1654163588.7796166,
  "end": 1654163693.376689,
  "duration": 104.59707236289978,
  "exit_code": 0
}