{
  "contract": "dataset/unchecked_low_level_calls/0x70f9eddb3931491aab1aeafbc1e7f1ca2a012db4.sol",
  "tool": "ccc",
  "start": 1664835315.86448,
  "end": 1664835335.807828,
  "duration": 19.943347930908203,
  "exit_code": 0
}