{
  "contract": "dataset/access_control/incorrect_constructor_name1.sol",
  "tool": "solhint",
  "start": 1654186576.8041558,
  "end": 1654186580.468986,
  "duration": 3.664830207824707,
  "exit_code": 1
}