{
  "contract": "dataset/unchecked_low_level_calls/0x8fd1e427396ddb511533cf9abdbebd0a7e08da35.sol",
  "tool": "honeybadger",
  "start": 1654123404.1362312,
  "end": 1654123423.1564398,
  "duration": 19.020208597183228,
  "exit_code": 0
}