{
  "contract": "dataset/unchecked_low_level_calls/0xb0510d68f210b7db66e8c7c814f22680f2b8d1d6.sol",
  "tool": "smartcheck",
  "start": 1654186542.8936048,
  "end": 1654186554.862452,
  "duration": 11.968847274780273,
  "exit_code": 0
}