{
  "contract": "dataset/unchecked_low_level_calls/0xf29ebe930a539a60279ace72c707cba851a57707.sol",
  "tool": "ccc",
  "start": 1664834583.348924,
  "end": 1664834604.544841,
  "duration": 21.1959171295166,
  "exit_code": 0
}