{
  "contract": "dataset/unchecked_low_level_calls/0x7d09edb07d23acb532a82be3da5c17d9d85806b4.sol",
  "tool": "oyente",
  "start": 1654181869.777954,
  "end": 1654181881.624805,
  "duration": 11.846850872039795,
  "exit_code": 1
}