{
  "contract": "dataset/bad_randomness/lottery.sol",
  "tool": "honeybadger",
  "start": 1654122732.15526,
  "end": 1654122738.706285,
  "duration": 6.551024913787842,
  "exit_code": 0
}