{
  "contract": "dataset/bad_randomness/random_number_generator.sol",
  "tool": "manticore",
  "start": 1654168180.7161615,
  "end": 1654168185.38776,
  "duration": 4.671598434448242,
  "exit_code": 0
}