{
  "contract": "dataset/unchecked_low_level_calls/0x9d06cbafa865037a01d322d3f4222fa3e04e5488.sol",
  "tool": "honeybadger",
  "start": 1654123404.035681,
  "end": 1654123608.035703,
  "duration": 204.00002193450928,
  "exit_code": 0
}