{
  "contract": "dataset/reentrancy/0x23a91059fdc9579a9fbd0edc5f2ea0bfdb70deb4.sol",
  "tool": "honeybadger",
  "start": 1654003682.6550646,
  "end": 1654003888.824099,
  "duration": 206.16903448104858,
  "exit_code": 0
}