{
  "contract": "dataset/unchecked_low_level_calls/0x07f7ecb66d788ab01dc93b9b71a88401de7d0f2e.sol",
  "tool": "honeybadger",
  "start": 1654123404.1184292,
  "end": 1654123455.7838614,
  "duration": 51.66543221473694,
  "exit_code": 0
}