{
  "analysis": {
    "is_lock_vulnerable": false,
    "is_prodigal_vulnerable": false,
    "is_suicidal_vulnerable": false
  },
  "contract": "dataset/reentrancy/0xb93430ce38ac4a6bb47fb1fc085ea669353fd89e.sol",
  "duration": 180.56055784225464,
  "end": 1654004366.9018865,
  "exit_code": 0,
  "start": 1654004186.3413286,
  "tool": "maian"
}