{
  "contract": "dataset/unchecked_low_level_calls/0x663e4229142a27f00bafb5d087e1e730648314c3.sol",
  "tool": "conkas",
  "start": 1654106830.4046664,
  "end": 1654107125.8806574,
  "duration": 295.4759910106659,
  "exit_code": 0
}