{
  "analysis": {
    "is_lock_vulnerable": false,
    "is_prodigal_vulnerable": false,
    "is_suicidal_vulnerable": false
  },
  "contract": "dataset/unchecked_low_level_calls/0xe894d54dca59cb53fe9cbc5155093605c7068220.sol",
  "duration": 97.83428359031677,
  "end": 1654163686.5441315,
  "exit_code": 0,
  "start": 1654163588.709848,
  "tool": "maian"
}