{
  "contract": "dataset/unchecked_low_level_calls/0xbebbfe5b549f5db6e6c78ca97cac19d1fb03082c.sol",
  "tool": "ccc",
  "start": 1664834980.417283,
  "end": 1664835001.690711,
  "duration": 21.273427963256836,
  "exit_code": 0
}