{
  "contract": "dataset/reentrancy/0x4320e6f8c05b27ab4707cd1f6d5ce6f3e4b3a5a1.sol",
  "tool": "mythril",
  "start": 1654006855.3050644,
  "end": 1654007355.0005982,
  "duration": 499.6955337524414,
  "exit_code": 0
}