{
  "contract": "dataset/unchecked_low_level_calls/0x0cbe050f75bc8f8c2d6c0d249fea125fd6e1acc9.sol",
  "tool": "manticore",
  "start": 1654175495.3205178,
  "end": 1654175509.0196137,
  "duration": 13.699095964431763,
  "exit_code": 0
}