{
  "contract": "dataset/reentrancy/0x4e73b32ed6c35f570686b89848e5f39f20ecc106.sol",
  "tool": "conkas",
  "start": 1654008664.5835297,
  "end": 1654008761.627502,
  "duration": 97.04397225379944,
  "exit_code": 0
}