{
  "contract": "dataset/unchecked_low_level_calls/0xb7c5c5aa4d42967efe906e1b66cb8df9cebf04f7.sol",
  "tool": "securify",
  "start": 1654245072.3560846,
  "end": 1654245481.325943,
  "duration": 408.96985840797424,
  "exit_code": 0
}