{
  "contract": "dataset/arithmetic/integer_overflow_multitx_onefunc_feasible.sol",
  "tool": "oyente",
  "start": 1654181749.883759,
  "end": 1654181752.4316294,
  "duration": 2.547870397567749,
  "exit_code": 0
}