{
  "contract": "dataset/unchecked_low_level_calls/0x4a66ad0bca2d700f11e1f2fc2c106f7d3264504c.sol",
  "tool": "oyente",
  "start": 1654181869.860747,
  "end": 1654181884.0214589,
  "duration": 14.160711765289307,
  "exit_code": 1
}