{
  "contract": "dataset/unchecked_low_level_calls/0x610495793564aed0f9c7fc48dc4c7c9151d34fd6.sol",
  "tool": "ccc",
  "start": 1664835210.894014,
  "end": 1664835232.2787158,
  "duration": 21.38470196723938,
  "exit_code": 0
}