{
  "contract": "dataset/unchecked_low_level_calls/0x78c2a1e91b52bca4130b6ed9edd9fbcfd4671c37.sol",
  "tool": "osiris",
  "start": 1654181189.529665,
  "end": 1654181235.3715897,
  "duration": 45.8419246673584,
  "exit_code": 0
}