{
  "contract": "dataset/unchecked_low_level_calls/0xf29ebe930a539a60279ace72c707cba851a57707.sol",
  "tool": "osiris",
  "start": 1654181189.6157694,
  "end": 1654181199.541335,
  "duration": 9.925565719604492,
  "exit_code": 0
}