{
  "contract": "dataset/reentrancy/0x7541b76cb60f4c60af330c208b0623b7f54bf615.sol",
  "tool": "solhint",
  "start": 1654082641.3379064,
  "end": 1654082646.7636323,
  "duration": 5.425725936889648,
  "exit_code": 0
}