{
  "contract": "dataset/unchecked_low_level_calls/0x19cf8481ea15427a98ba3cdd6d9e14690011ab10.sol",
  "tool": "osiris",
  "start": 1654181189.559905,
  "end": 1654181248.0345173,
  "duration": 58.47461223602295,
  "exit_code": 0
}