{
  "analysis": {
    "is_lock_vulnerable": false,
    "is_prodigal_vulnerable": false,
    "is_suicidal_vulnerable": false
  },
  "contract": "dataset/unchecked_low_level_calls/0x19cf8481ea15427a98ba3cdd6d9e14690011ab10.sol",
  "duration": 265.5070905685425,
  "end": 1654163854.1440916,
  "exit_code": 0,
  "start": 1654163588.637001,
  "tool": "maian"
}