{
  "contract": "dataset/unchecked_low_level_calls/0x19cf8481ea15427a98ba3cdd6d9e14690011ab10.sol",
  "tool": "maian",
  "start": 1654163588.637001,
  "end": 1654163854.1440916,
  "duration": 265.5070905685425,
  "exit_code": 0
}