{
  "contract": "dataset/unchecked_low_level_calls/0x7d09edb07d23acb532a82be3da5c17d9d85806b4.sol",
  "tool": "smartcheck",
  "start": 1654186542.9445055,
  "end": 1654186558.5867808,
  "duration": 15.642275333404541,
  "exit_code": 0
}