{
  "analysis": [],
  "contract": "dataset/reentrancy/0xb93430ce38ac4a6bb47fb1fc085ea669353fd89e.sol",
  "duration": 9.92662787437439,
  "end": 1654082651.2777357,
  "exit_code": 0,
  "start": 1654082641.3511078,
  "tool": "solhint"
}