{
  "contract": "dataset/unchecked_low_level_calls/0x663e4229142a27f00bafb5d087e1e730648314c3.sol",
  "tool": "solhint",
  "start": 1654186622.3219974,
  "end": 1654186638.3185484,
  "duration": 15.996551036834717,
  "exit_code": 1
}