{
  "contract": "dataset/unchecked_low_level_calls/0xe4eabdca81e31d9acbc4af76b30f532b6ed7f3bf.sol",
  "tool": "conkas",
  "start": 1654106830.5411355,
  "end": 1654106852.8797305,
  "duration": 22.338594913482666,
  "exit_code": 0
}