{
  "contract": "dataset/access_control/parity_wallet_bug_2.sol",
  "tool": "honeybadger",
  "start": 1654122266.470081,
  "end": 1654122529.532165,
  "duration": 263.06208395957947,
  "exit_code": 0
}