{
  "contract": "dataset/access_control/unprotected0.sol",
  "tool": "honeybadger",
  "start": 1654122266.3159323,
  "end": 1654122270.2856896,
  "duration": 3.969757318496704,
  "exit_code": 0
}