{
  "contract": "dataset/reentrancy/reentrancy_cross_function.sol",
  "tool": "securify",
  "start": 1654007606.4682074,
  "end": 1654007661.014438,
  "duration": 54.54623055458069,
  "exit_code": 0
}