{
  "contract": "dataset/unchecked_low_level_calls/0xd5967fed03e85d1cce44cab284695b41bc675b5c.sol",
  "tool": "oyente",
  "start": 1654181869.8333764,
  "end": 1654181883.0207274,
  "duration": 13.187350988388062,
  "exit_code": 1
}