{
  "contract": "dataset/arithmetic/integer_overflow_mul.sol",
  "tool": "solhint",
  "start": 1654186586.4161184,
  "end": 1654186589.914814,
  "duration": 3.4986956119537354,
  "exit_code": 1
}