{
  "contract": "dataset/arithmetic/integer_overflow_mul.sol",
  "tool": "slither",
  "start": 1654186391.3542435,
  "end": 1654186395.3526244,
  "duration": 3.9983808994293213,
  "exit_code": 2
}