{
  "contract": "dataset/arithmetic/integer_overflow_multitx_multifunc_feasible.sol",
  "tool": "smartcheck",
  "start": 1654186490.2933733,
  "end": 1654186495.8523242,
  "duration": 5.558950901031494,
  "exit_code": 0
}