{
  "contract": "dataset/arithmetic/insecure_transfer.sol",
  "tool": "slither",
  "start": 1654186391.2490816,
  "end": 1654186395.8354878,
  "duration": 4.586406230926514,
  "exit_code": 5
}