{
  "contract": "dataset/bad_randomness/lucky_doubler.sol",
  "tool": "maian",
  "start": 1654162490.5910325,
  "end": 1654162587.3428435,
  "duration": 96.75181102752686,
  "exit_code": 0
}