{
  "analysis": {
    "is_lock_vulnerable": false,
    "is_prodigal_vulnerable": false,
    "is_suicidal_vulnerable": false
  },
  "contract": "dataset/reentrancy/0x941d225236464a25eb18076df7da6a91d0f95e9e.sol",
  "duration": 172.74499607086182,
  "end": 1654004359.0259519,
  "exit_code": 0,
  "start": 1654004186.2809558,
  "tool": "maian"
}