{
  "contract": "dataset/unchecked_low_level_calls/0x4a66ad0bca2d700f11e1f2fc2c106f7d3264504c.sol",
  "tool": "maian",
  "start": 1654163588.7399797,
  "end": 1654163692.8933814,
  "duration": 104.15340161323547,
  "exit_code": 0
}