{
  "contract": "dataset/unchecked_low_level_calls/0x4b71ad9c1a84b9b643aa54fdd66e2dec96e8b152.sol",
  "tool": "mythril",
  "start": 1654179708.4524817,
  "end": 1654179738.452796,
  "duration": 30.000314235687256,
  "exit_code": 0
}