{
  "contract": "dataset/unchecked_low_level_calls/0x52d2e0f9b01101a59b38a3d05c80b7618aeed984.sol",
  "tool": "smartcheck",
  "start": 1654186542.91578,
  "end": 1654186553.89957,
  "duration": 10.983789920806885,
  "exit_code": 0
}