{
  "contract": "dataset/unchecked_low_level_calls/0xd2018bfaa266a9ec0a1a84b061640faa009def76.sol",
  "tool": "smartcheck",
  "start": 1654186542.9176311,
  "end": 1654186564.621433,
  "duration": 21.70380187034607,
  "exit_code": 0
}