{
  "contract": "dataset/unchecked_low_level_calls/0x4051334adc52057aca763453820cb0e045076ef3.sol",
  "tool": "mythril",
  "start": 1654179708.305128,
  "end": 1654179732.8379247,
  "duration": 24.532796621322632,
  "exit_code": 0
}