{
  "contract": "dataset/unchecked_low_level_calls/0x70f9eddb3931491aab1aeafbc1e7f1ca2a012db4.sol",
  "tool": "osiris",
  "start": 1654181189.4855943,
  "end": 1654181230.3911035,
  "duration": 40.90550923347473,
  "exit_code": 0
}