{
  "contract": "dataset/unchecked_low_level_calls/0xe894d54dca59cb53fe9cbc5155093605c7068220.sol",
  "tool": "honeybadger",
  "start": 1654123404.0167632,
  "end": 1654123411.8425992,
  "duration": 7.825835943222046,
  "exit_code": 0
}