{
  "contract": "dataset/unchecked_low_level_calls/0x663e4229142a27f00bafb5d087e1e730648314c3.sol",
  "tool": "smartcheck",
  "start": 1654186542.897789,
  "end": 1654186555.419383,
  "duration": 12.521594047546387,
  "exit_code": 0
}