{
  "contract": "dataset/arithmetic/integer_overflow_add.sol",
  "tool": "oyente",
  "start": 1654181750.009122,
  "end": 1654181753.4942522,
  "duration": 3.4851303100585938,
  "exit_code": 0
}