{
  "analysis": [],
  "contract": "dataset/unchecked_low_level_calls/0xec329ffc97d75fe03428ae155fc7793431487f63.sol",
  "duration": 9.711478471755981,
  "end": 1654186631.9630291,
  "exit_code": 0,
  "start": 1654186622.2515507,
  "tool": "solhint"
}