{
  "contract": "dataset/reentrancy/0xbaf51e761510c1a11bf48dd87c0307ac8a8c8a4f.sol",
  "tool": "maian",
  "start": 1654004186.3001132,
  "end": 1654004381.9174595,
  "duration": 195.61734628677368,
  "exit_code": 0
}