{
  "contract": "dataset/arithmetic/integer_overflow_multitx_multifunc_feasible.sol",
  "tool": "mythril",
  "start": 1654177615.5248327,
  "end": 1654177619.3348882,
  "duration": 3.8100554943084717,
  "exit_code": 0
}