{
  "contract": "dataset/reentrancy/0xbaf51e761510c1a11bf48dd87c0307ac8a8c8a4f.sol",
  "tool": "oyente",
  "start": 1654007545.2366273,
  "end": 1654007551.7206228,
  "duration": 6.48399543762207,
  "exit_code": 1
}