{
  "contract": "dataset/reentrancy/0x01f8c4e3fa3edeb29e514cba738d87ce8c091d3f.sol",
  "tool": "solhint",
  "start": 1654082641.357856,
  "end": 1654082645.827308,
  "duration": 4.469451904296875,
  "exit_code": 0
}