{
  "contract": "dataset/unchecked_low_level_calls/0x9d06cbafa865037a01d322d3f4222fa3e04e5488.sol",
  "tool": "osiris",
  "start": 1654181189.4660003,
  "end": 1654181206.3097546,
  "duration": 16.843754291534424,
  "exit_code": 0
}