{
  "contract": "dataset/short_addresses/short_address_example.sol",
  "tool": "oyente",
  "start": 1654181858.5523002,
  "end": 1654181861.6149368,
  "duration": 3.062636613845825,
  "exit_code": 0
}