{
  "analysis": [
    []
  ],
  "contract": "dataset/front_running/ERC20.sol",
  "duration": 1465.6686713695526,
  "end": 1654173256.9189243,
  "exit_code": 0,
  "start": 1654171791.250253,
  "tool": "manticore"
}