{
  "contract": "dataset/access_control/wallet_02_refund_nosub.sol",
  "tool": "oyente",
  "start": 1654181737.5693913,
  "end": 1654181744.510269,
  "duration": 6.940877676010132,
  "exit_code": 1
}