{
  "contract": "dataset/access_control/incorrect_constructor_name3.sol",
  "tool": "solhint",
  "start": 1654186576.731964,
  "end": 1654186580.0203853,
  "duration": 3.288421154022217,
  "exit_code": 1
}