{
  "contract": "dataset/unchecked_low_level_calls/0xec329ffc97d75fe03428ae155fc7793431487f63.sol",
  "tool": "slither",
  "start": 1654247472.6841545,
  "end": 1654247474.9680784,
  "duration": 2.283923864364624,
  "exit_code": 26
}