{
  "contract": "dataset/unchecked_low_level_calls/0xb0510d68f210b7db66e8c7c814f22680f2b8d1d6.sol",
  "tool": "oyente",
  "start": 1654181869.7844055,
  "end": 1654181881.6780696,
  "duration": 11.893664121627808,
  "exit_code": 1
}