{
  "contract": "dataset/reentrancy/0x4320e6f8c05b27ab4707cd1f6d5ce6f3e4b3a5a1.sol",
  "tool": "securify",
  "start": 1654007605.9080567,
  "end": 1654007950.4955938,
  "duration": 344.5875370502472,
  "exit_code": 0
}