{
  "contract": "dataset/reentrancy/0x7b368c4e805c3870b6c49a3f1f49f69af8662cf3.sol",
  "tool": "smartcheck",
  "start": 1654008603.3284163,
  "end": 1654008615.4216313,
  "duration": 12.093214988708496,
  "exit_code": 0
}