{
  "contract": "dataset/short_addresses/short_address_example.sol",
  "tool": "solhint",
  "start": 1654186612.3525538,
  "end": 1654186614.9255145,
  "duration": 2.572960615158081,
  "exit_code": 1
}