{
  "contract": "dataset/reentrancy/0x7b368c4e805c3870b6c49a3f1f49f69af8662cf3.sol",
  "tool": "conkas",
  "start": 1654008664.6580653,
  "end": 1654008763.4458537,
  "duration": 98.78778839111328,
  "exit_code": 0
}