{
  "contract": "dataset/reentrancy/0xb93430ce38ac4a6bb47fb1fc085ea669353fd89e.sol",
  "tool": "oyente",
  "start": 1654007545.3655846,
  "end": 1654007553.5844932,
  "duration": 8.218908548355103,
  "exit_code": 1
}