{
  "contract": "dataset/unchecked_low_level_calls/0xb0510d68f210b7db66e8c7c814f22680f2b8d1d6.sol",
  "tool": "ccc",
  "start": 1664834874.89411,
  "end": 1664834897.259878,
  "duration": 22.36576795578003,
  "exit_code": 0
}