{
  "contract": "dataset/arithmetic/integer_overflow_multitx_onefunc_feasible.sol",
  "tool": "securify",
  "start": 1654182411.7205179,
  "end": 1654182424.1337216,
  "duration": 12.413203716278076,
  "exit_code": 0
}