{
  "contract": "dataset/reentrancy/reentrancy_dao.sol",
  "tool": "oyente",
  "start": 1654007545.4171808,
  "end": 1654007554.324758,
  "duration": 8.907577276229858,
  "exit_code": 1
}