{
  "contract": "dataset/reentrancy/0x96edbe868531bd23a6c05e9d0c424ea64fb1b78b.sol",
  "tool": "honeybadger",
  "start": 1654003682.6866727,
  "end": 1654003890.098986,
  "duration": 207.41231322288513,
  "exit_code": 0
}