{
  "contract": "dataset/reentrancy/reentrancy_insecure.sol",
  "tool": "oyente",
  "start": 1654007545.402823,
  "end": 1654007551.693905,
  "duration": 6.291082143783569,
  "exit_code": 1
}