{
  "contract": "dataset/unchecked_low_level_calls/0xb620cee6b52f96f3c6b253e6eea556aa2d214a99.sol",
  "tool": "osiris",
  "start": 1654181189.438933,
  "end": 1654181232.7223215,
  "duration": 43.28338861465454,
  "exit_code": 0
}