{
  "contract": "dataset/unchecked_low_level_calls/0x524960d55174d912768678d8c606b4d50b79d7b1.sol",
  "tool": "oyente",
  "start": 1654181869.7949743,
  "end": 1654181883.775182,
  "duration": 13.980207681655884,
  "exit_code": 0
}