{
  "contract": "dataset/reentrancy/0x01f8c4e3fa3edeb29e514cba738d87ce8c091d3f.sol",
  "tool": "conkas",
  "start": 1654008664.6497877,
  "end": 1654008763.1774306,
  "duration": 98.52764296531677,
  "exit_code": 0
}