{
  "contract": "dataset/unchecked_low_level_calls/0xbebbfe5b549f5db6e6c78ca97cac19d1fb03082c.sol",
  "tool": "honeybadger",
  "start": 1654123404.121927,
  "end": 1654123519.8041725,
  "duration": 115.68224549293518,
  "exit_code": 0
}