{
  "analysis": [],
  "contract": "dataset/reentrancy/0xbaf51e761510c1a11bf48dd87c0307ac8a8c8a4f.sol",
  "duration": 5.029362440109253,
  "end": 1654082646.3587942,
  "exit_code": 0,
  "start": 1654082641.3294318,
  "tool": "solhint"
}