{
  "contract": "dataset/reentrancy/0xf015c35649c82f5467c9c74b7f28ee67665aad68.sol",
  "tool": "osiris",
  "start": 1654007399.5812948,
  "end": 1654007459.1208584,
  "duration": 59.53956365585327,
  "exit_code": 0
}