{
  "contract": "dataset/reentrancy/0x4320e6f8c05b27ab4707cd1f6d5ce6f3e4b3a5a1.sol",
  "tool": "oyente",
  "start": 1654007545.4217625,
  "end": 1654007554.6883402,
  "duration": 9.26657772064209,
  "exit_code": 1
}