{
  "contract": "dataset/arithmetic/overflow_single_tx.sol",
  "tool": "honeybadger",
  "start": 1654122531.5102339,
  "end": 1654122536.4284673,
  "duration": 4.918233394622803,
  "exit_code": 0
}