{
  "contract": "dataset/unchecked_low_level_calls/0xe4eabdca81e31d9acbc4af76b30f532b6ed7f3bf.sol",
  "tool": "solhint",
  "start": 1654186622.3068657,
  "end": 1654186636.1740103,
  "duration": 13.867144584655762,
  "exit_code": 1
}