{
  "contract": "dataset/unchecked_low_level_calls/0x5aa88d2901c68fda244f1d0584400368d2c8e739.sol",
  "tool": "solhint",
  "start": 1654186621.7946286,
  "end": 1654186625.6544414,
  "duration": 3.8598127365112305,
  "exit_code": 0
}