{
  "contract": "dataset/unchecked_low_level_calls/0xf70d589d76eebdd7c12cc5eec99f8f6fa4233b9e.sol",
  "tool": "ccc",
  "start": 1664835275.9061491,
  "end": 1664835295.956658,
  "duration": 20.050508737564087,
  "exit_code": 0
}