{
  "contract": "dataset/arithmetic/insecure_transfer.sol",
  "tool": "solhint",
  "start": 1654186586.4377525,
  "end": 1654186590.6579516,
  "duration": 4.220199108123779,
  "exit_code": 1
}