{
  "analysis": [],
  "contract": "dataset/reentrancy/0x7b368c4e805c3870b6c49a3f1f49f69af8662cf3.sol",
  "duration": 20.923736095428467,
  "end": 1664450825.896938,
  "exit_code": 0,
  "start": 1664450804.973202,
  "tool": "ccc"
}