{
  "contract": "dataset/reentrancy/0x23a91059fdc9579a9fbd0edc5f2ea0bfdb70deb4.sol",
  "tool": "oyente",
  "start": 1654007545.338165,
  "end": 1654007553.2977843,
  "duration": 7.9596192836761475,
  "exit_code": 1
}