{
  "contract": "dataset/arithmetic/integer_overflow_multitx_multifunc_feasible.sol",
  "tool": "honeybadger",
  "start": 1654122531.5221126,
  "end": 1654122534.6881409,
  "duration": 3.1660282611846924,
  "exit_code": 0
}