{
  "contract": "dataset/unchecked_low_level_calls/0x663e4229142a27f00bafb5d087e1e730648314c3.sol",
  "tool": "ccc",
  "start": 1664835357.949219,
  "end": 1664835673.3550222,
  "duration": 315.40580320358276,
  "exit_code": 0
}