{
  "contract": "dataset/reentrancy/0x627fa62ccbb1c1b04ffaecd72a53e37fc0e17839.sol",
  "tool": "oyente",
  "start": 1654007545.294147,
  "end": 1654007554.0370798,
  "duration": 8.742932796478271,
  "exit_code": 1
}