{
  "contract": "dataset/unchecked_low_level_calls/0xd5967fed03e85d1cce44cab284695b41bc675b5c.sol",
  "tool": "securify",
  "start": 1654245072.6871543,
  "end": 1654245472.6600616,
  "duration": 399.9729073047638,
  "exit_code": 0
}