{
  "contract": "dataset/time_manipulation/lottopollo.sol",
  "tool": "maian",
  "start": 1654163479.5076585,
  "end": 1654163519.75253,
  "duration": 40.244871616363525,
  "exit_code": 0
}