{
  "analysis": [],
  "contract": "dataset/reentrancy/0x7b368c4e805c3870b6c49a3f1f49f69af8662cf3.sol",
  "duration": 8.748098850250244,
  "end": 1654082650.2608883,
  "exit_code": 0,
  "start": 1654082641.5127895,
  "tool": "solhint"
}