{
  "contract": "dataset/reentrancy/0xbe4041d55db380c5ae9d4a9b9703f1ed4e7e3888.sol",
  "tool": "oyente",
  "start": 1654007545.2126582,
  "end": 1654007553.904516,
  "duration": 8.691857814788818,
  "exit_code": 1
}