{
  "contract": "dataset/reentrancy/0xbaf51e761510c1a11bf48dd87c0307ac8a8c8a4f.sol",
  "tool": "honeybadger",
  "start": 1654003682.689302,
  "end": 1654003887.8791413,
  "duration": 205.18983936309814,
  "exit_code": 0
}