{
  "contract": "dataset/unchecked_low_level_calls/0xe4eabdca81e31d9acbc4af76b30f532b6ed7f3bf.sol",
  "tool": "ccc",
  "start": 1664835822.4078238,
  "end": 1664835843.200763,
  "duration": 20.79293918609619,
  "exit_code": 0
}