{
  "contract": "dataset/arithmetic/integer_overflow_minimal.sol",
  "tool": "honeybadger",
  "start": 1654122531.5331302,
  "end": 1654122535.084863,
  "duration": 3.5517327785491943,
  "exit_code": 0
}