{
  "contract": "dataset/reentrancy/0x7a8721a9d64c74da899424c1b52acbf58ddc9782.sol",
  "tool": "securify",
  "start": 1654007606.4149911,
  "end": 1654007936.2945058,
  "duration": 329.87951469421387,
  "exit_code": 0
}