{
  "contract": "dataset/reentrancy/0x4e73b32ed6c35f570686b89848e5f39f20ecc106.sol",
  "tool": "honeybadger",
  "start": 1654003682.687017,
  "end": 1654003895.2315092,
  "duration": 212.54449224472046,
  "exit_code": 0
}