{
  "contract": "dataset/unchecked_low_level_calls/0x7a4349a749e59a5736efb7826ee3496a2dfd5489.sol",
  "tool": "osiris",
  "start": 1654181188.4353414,
  "end": 1654181230.7250435,
  "duration": 42.28970217704773,
  "exit_code": 0
}