{
  "contract": "dataset/reentrancy/0x23a91059fdc9579a9fbd0edc5f2ea0bfdb70deb4.sol",
  "tool": "solhint",
  "start": 1654082641.0484326,
  "end": 1654082650.831955,
  "duration": 9.783522367477417,
  "exit_code": 0
}