{
  "contract": "dataset/reentrancy/0xb5e1b1ee15c6fa0e48fce100125569d430f1bd12.sol",
  "tool": "mythril",
  "start": 1654006855.2856731,
  "end": 1654006865.3057055,
  "duration": 10.020032405853271,
  "exit_code": 0
}