{
  "contract": "dataset/unchecked_low_level_calls/0x4051334adc52057aca763453820cb0e045076ef3.sol",
  "tool": "conkas",
  "start": 1654106830.4904945,
  "end": 1654106840.3173852,
  "duration": 9.826890707015991,
  "exit_code": 0
}