{
  "contract": "dataset/unchecked_low_level_calls/0x78c2a1e91b52bca4130b6ed9edd9fbcfd4671c37.sol",
  "tool": "solhint",
  "start": 1654186621.7978523,
  "end": 1654186631.9448657,
  "duration": 10.147013425827026,
  "exit_code": 1
}