{
  "contract": "dataset/access_control/parity_wallet_bug_2.sol",
  "tool": "maian",
  "start": 1654161877.1979935,
  "end": 1654162022.058212,
  "duration": 144.86021852493286,
  "exit_code": 0
}