{
  "contract": "dataset/reentrancy/reentrancy_dao.sol",
  "tool": "honeybadger",
  "start": 1654003682.65846,
  "end": 1654003691.3392627,
  "duration": 8.680802822113037,
  "exit_code": 0
}