{
  "contract": "dataset/unchecked_low_level_calls/0xb11b2fed6c9354f7aa2f658d3b4d7b31d8a13b77.sol",
  "tool": "honeybadger",
  "start": 1654123404.0634384,
  "end": 1654123513.7186282,
  "duration": 109.65518975257874,
  "exit_code": 0
}