{
  "contract": "dataset/unchecked_low_level_calls/0x806a6bd219f162442d992bdc4ee6eba1f2c5a707.sol",
  "tool": "osiris",
  "start": 1654181189.0248663,
  "end": 1654181234.2171857,
  "duration": 45.19231939315796,
  "exit_code": 0
}