{
  "contract": "dataset/arithmetic/overflow_simple_add.sol",
  "tool": "slither",
  "start": 1654186391.7051537,
  "end": 1654186397.1037853,
  "duration": 5.398631572723389,
  "exit_code": 2
}