{
  "contract": "dataset/unchecked_low_level_calls/0xd2018bfaa266a9ec0a1a84b061640faa009def76.sol",
  "tool": "oyente",
  "start": 1654181869.8284473,
  "end": 1654181884.816375,
  "duration": 14.987927675247192,
  "exit_code": 1
}