{
  "contract": "dataset/unchecked_low_level_calls/0xa46edd6a9a93feec36576ee5048146870ea2c3ae.sol",
  "tool": "smartcheck",
  "start": 1654186542.827262,
  "end": 1654186553.3904626,
  "duration": 10.56320071220398,
  "exit_code": 0
}