{
  "contract": "dataset/front_running/ERC20.sol",
  "tool": "mythril",
  "start": 1654179605.4598677,
  "end": 1654179608.5915208,
  "duration": 3.131653070449829,
  "exit_code": 0
}