{
  "contract": "dataset/arithmetic/timelock.sol",
  "tool": "securify",
  "start": 1654182411.7262504,
  "end": 1654182494.965177,
  "duration": 83.23892664909363,
  "exit_code": 0
}