{
  "contract": "dataset/unchecked_low_level_calls/king_of_the_ether_throne.sol",
  "tool": "conkas",
  "start": 1654106830.4269292,
  "end": 1654107042.0510283,
  "duration": 211.62409901618958,
  "exit_code": 0
}