{
  "contract": "dataset/reentrancy/0x4e73b32ed6c35f570686b89848e5f39f20ecc106.sol",
  "tool": "oyente",
  "start": 1654007545.3930104,
  "end": 1654007554.6188817,
  "duration": 9.225871324539185,
  "exit_code": 1
}