{
  "contract": "dataset/reentrancy/0xb5e1b1ee15c6fa0e48fce100125569d430f1bd12.sol",
  "tool": "conkas",
  "start": 1654008664.6532137,
  "end": 1654008763.72737,
  "duration": 99.07415628433228,
  "exit_code": 0
}