{
  "contract": "dataset/reentrancy/0x7a8721a9d64c74da899424c1b52acbf58ddc9782.sol",
  "tool": "honeybadger",
  "start": 1654003682.6960645,
  "end": 1654003895.110641,
  "duration": 212.41457653045654,
  "exit_code": 0
}