{
  "contract": "dataset/unchecked_low_level_calls/0x70f9eddb3931491aab1aeafbc1e7f1ca2a012db4.sol",
  "tool": "solhint",
  "start": 1654186622.2805965,
  "end": 1654186638.6269395,
  "duration": 16.34634304046631,
  "exit_code": 1
}