{
  "contract": "dataset/arithmetic/integer_overflow_minimal.sol",
  "tool": "osiris",
  "start": 1654180930.678636,
  "end": 1654180933.7731469,
  "duration": 3.094510793685913,
  "exit_code": 0
}