{
  "contract": "dataset/access_control/wallet_02_refund_nosub.sol",
  "tool": "honeybadger",
  "start": 1654122266.4596496,
  "end": 1654122275.3734798,
  "duration": 8.913830280303955,
  "exit_code": 0
}