{
  "contract": "dataset/reentrancy/0x23a91059fdc9579a9fbd0edc5f2ea0bfdb70deb4.sol",
  "tool": "mythril",
  "start": 1654006855.0842903,
  "end": 1654006862.7581677,
  "duration": 7.673877477645874,
  "exit_code": 0
}