{
  "contract": "dataset/arithmetic/tokensalechallenge.sol",
  "tool": "solhint",
  "start": 1654186586.4035797,
  "end": 1654186588.9550738,
  "duration": 2.5514941215515137,
  "exit_code": 1
}