{
  "contract": "dataset/unchecked_low_level_calls/0xbebbfe5b549f5db6e6c78ca97cac19d1fb03082c.sol",
  "tool": "osiris",
  "start": 1654181189.6341782,
  "end": 1654181268.1093552,
  "duration": 78.47517704963684,
  "exit_code": 0
}