{
  "contract": "dataset/arithmetic/integer_overflow_multitx_onefunc_feasible.sol",
  "tool": "honeybadger",
  "start": 1654122531.554519,
  "end": 1654122535.483757,
  "duration": 3.9292380809783936,
  "exit_code": 0
}